"Historical Timeline (10,000 BCE - 1240 BCE)",,,,
Date,Event,People/Culture,Location,Description
"10,000 BCE",Migration begins after last ice age,Middle Eastern peoples,Middle East to Europe,Migration from the Middle East to Europe begins after the last ice age. (Status: needs confirmation)
5800 BCE,Ancient Celts arrive,Celts,"British Isles, Western Europe",Ancient Celts arrive in the British Isles and Western Europe from the Steppes; white skin genetics arrive in Europe with Middle Easterners and Central Asians. (Status: needs confirmation)
3600-3400 BCE,Core Yamnaya culture forms,Yamnaya people,"Mikhaylovka, lower Dnieper river, Ukraine","Research has found that Mikhaylovka, in the lower Dnieper river, Ukraine, formed the Core Yamnaya culture during this period."
3300-2600 BCE,Yamnaya/Pit Grave/Ochre Grave culture period,Yamnaya people,"Region between Southern Bug, Dniester, and Ural rivers (Pontic-Caspian steppe)","The Yamnaya culture, also known as the Pit Grave culture or Ochre Grave culture, was a late Copper Age to early Bronze Age archaeological culture of the region between the Southern Bug, Dniester, and Ural rivers (the Pontic–Caspian steppe). It was discovered by Vasily Gorodtsov following his archaeological excavations near the Donets River in 1901–1903. Its name derives from its characteristic burial tradition: Yamnaya is a Russian adjective meaning 'related to pits (yama)', as these people used to bury their dead in tumuli (kurgans) containing simple pit chambers."
2300 BCE,Earliest evidence of Hurrian presence,King Tupkish (Hurrian name),Urkesh (Tell Mozan),"The Hurrians were in the region as of the late 3rd millennium BCE. A king of Urkesh with a Hurrian name, Tupkish, was found on a clay sealing dated approximately 2300 BCE at Tell Mozan."
2100 BCE,First recorded Hurrian language inscription,King Tish-atal,Urkesh,"The first recorded inscription of the Hurrian language was of Tish-atal (approximately 21st century BCE), king of Urkesh."
1835 BCE,Migration due to famine,Jacob and family,From Canaan to Egypt,"In Biblical record, this is the time Jacob and his family migrated to Egypt due to famine in Canaan."
1781 BCE,Migration due to famine,Canaanites (including future Hyksos),From Canaan to Egypt,"Canaanites, including future Hyksos, migrated to Egypt due to famine. (Approximate date)"
1750-1650 BCE,Gradual influx of Semitic peoples,Semitic groups,Eastern Delta region of Egypt,Gradual influx of Semitic peoples into Egypt's eastern Delta region.
1638-1618 BCE,First mention of Mitanni (as Ḫabigalbat),,Babylonia,"Later on, Hurrians made up the main population of Mitanni, which was firstly known as Ḫabigalbat, at Babylonia, in two texts of the late Old Babylonian period, during the reign of Ammi-Saduqa, in low middle chronology."
1600-1200 BCE,Proto-Hyksos Era,Hyksos (linked to Scythians),"Northern Egypt, later northward migration","The Hyksos, often linked to the Scythians, controlled northern Egypt before being expelled and migrating northward. The Hyksos are theorized to have carried Mesopotamian religious symbols (e.g., menorahs, winged disks) into Central Asia, potentially influencing later Scythian and Saka cultures. This migration could have laid the groundwork for the spread of Israelite-like symbols and practices across Eurasia."
1600 BCE,Mitanni state formation,Hurrian-speaking people with Indo-Aryan influences,Northern Syria and southeast Anatolia,"Mitanni, also known as Hanigalbat or Hani-Rabbat in Assyrian records, or Naharin in Egyptian texts, was a Hurrian-speaking state in northern Syria and southeast Anatolia (modern-day Turkey) with Indo-Aryan linguistic and political influences. Since no histories, royal annals or chronicles have yet been found in its excavated sites, knowledge about Mitanni is sparse compared to the other powers in the area, and dependent on what its neighbors commented in their texts."
1550-1260 BCE,Mitanni Empire period,,"Ranged from Kizzuwatna (west) to Arraphe (east), Tunip (south) to Lake Van (north)","The Mitanni Empire was a strong regional power limited by the Hittites to the north, Egyptians to the west, Kassites to the south, and later by the Assyrians to the east. At its maximum extent Mitanni ranged as far west as Kizzuwatna by the Taurus Mountains, Tunip in the south, Arraphe in the east, and north to Lake Van. Their sphere of influence is shown in Hurrian place names, personal names and the spread through Syria and the Levant of a distinct pottery type, Nuzi ware."
1544 BCE,Exodus of Hebrews,Led by Prince Moses,From Egypt,Prince Moses led the Exodus of Hebrews who recognized Abraham. (Approximate date)
1533 BCE,Expulsion of remaining Hyksos,Hyksos,From Egypt to Canaan,Expulsion of remaining Hyksos from Egypt to Canaan.
1530-1240 BCE,Period of enslavement,Israelites remaining in Egypt,Egypt,"Period of enslavement for Israelites remaining in Egypt, according to some interpretations."
Date,Event,People/Culture,Location,Description
1200-900 BCE,Early Scythian culture emerges,Scythians,Pontic-Caspian (Crimean) steppe,Early Scythian culture emerges in the Pontic-Caspian (Crimean) steppe.
1000 BCE,Tauri settlement,Tauri/Taurians,Southern coast of Crimea peninsula,"The Tauri (/ˈtaʊəri/; Ταῦροι in Ancient Greek), or Taurians, also Scythotauri, Tauri Scythae, Tauroscythae (Pliny, H. N. 4.85) were an ancient people settled on the southern coast of the Crimea peninsula, inhabiting the Crimean Mountains in the 1st millennium BC and the narrow strip of land between the mountains and the Black Sea. According to the sources, the Tauri were the first inhabitants of the Crimean peninsula and never abandoned its borders. They gave their name to the peninsula, which was known in ancient times as Taurica, Taurida and Tauris. Taurians intermixed with the Scythians starting from the end of 3rd century BC, and were mentioned as Tauroscythians and Scythotaurians in the works of ancient Greek writers. The Taurians underwent the rule of the Pontic Kingdom in the 2nd century BAs a result of Roman occupations, Taurians were romanized in the first century AD. Later the Taurians were subsumed by the Alans and Goths, and existed till the 4th century."
753 BCE,Founding of Rome,Romulus and Remus,"Rome, Italy","Legendary founding of Rome by Romulus and Remus, descendants of Aeneas (Trojan prince). Romulus kills Remus, establishes monarchy."
750 BCE,Persian migration,Persian tribes,Iran,Persian tribes migrate to Iran from Asia.
722 BCE,Assyrian conquest and exile,Ten Lost Tribes of Israel,Northern Kingdom of Israel to Central Asia,"The Assyrian conquest of the Northern Kingdom of Israel leads to the exile of the Ten Lost Tribes, who allegedly migrate eastward through Central Asia. These tribes may have intermingled with Scythian tribes, preserving their Israelite traditions and bloodlines. The Scythians, known for their vast trade networks, could have facilitated the spread of Israelite cultural elements to East Asia."
700-300 BCE,Scythian Expansion,Saka-Scythians,Across Eurasia to Korean Peninsula,"The Saka-Scythians established extensive trade networks across Eurasia, with some groups reaching the Korean Peninsula."
675-640 BCE,Persian settlement in Persis,Persians,Persis,Persians settle in Persis under King Teispes.
616-579 BCE,Reign of Lucius Tarquinius Priscus,Etruscans,Rome,"Reign of Lucius Tarquinius Priscus, Etruscan king who expands Rome's infrastructure."
600 BCE,Spread of Zoroastrianism,Persians,Persia,Zoroaster's teachings spread in Persia. (Status: needs confirmation)
600 BCE,Birth of Cyrus II,Persian,Persia,Birth of Cyrus II (later known as Cyrus the Great).
600-500 BCE,Gandhara as trade crossroads,Various cultures,Gandhara (modern Pakistan/Afghanistan),"In ancient times Gandhara was a trade crossroads and cultural meeting place between India, Central Asia, and the Middle East. The region was subject to Achaemenian Persia in the 6th and 5th centuries BCE and was conquered by Alexander the Great in the 4th century BCE. It was thereafter ruled by the Mauryan dynasty of India, under whom it became a centre for the spread of Buddhism to Afghanistan and Central Asia. Gandhara was then successively ruled by Indo-Greeks, Shakas, Parthians, and Kushans. After its conquest by Maḥmūd of Ghazna in the 11th century CE, the region was held by various Muslim dynasties. Taxila and Peshawar, ancient Gandhara's chief cities, were important cultural centres. From the 1st century BCE to the 6th–7th century CE, Gandhara was the home of a distinctive art style that was a mixture of Indian Buddhist and Greco-Roman influences."
586 BCE,Destruction of Solomon's Temple,Babylonians,Jerusalem,Destruction of Solomon's Temple in Jerusalem.
585 BCE,Eclipse prediction,Thales of Miletus,Miletus (modern Turkey),Eclipse predicted by Thales of Miletus.
570 BCE,Birth of Pythagoras,Greek,Samos,Pythagoras born in Samos.
563 BCE,Birth of Buddha,Shakya clan,Lumbini (modern Nepal),"Estimated birth date of Siddhartha Gautama (Buddha) according to some scholars. Some estimates between 563–483 BCE place Siddhartha Gautama's life, where he renounces his royal birthright to seek enlightenment, leading a spiritual revolution reestablishing a lost dharmic kingdom."
560 BCE,Death of Cyrus I,Persian,Anshan,Death of king Cyrus I of Anshan.
559 BCE,Cyrus II becomes king,Persian,Anshan,Cyrus II becomes king of Anshan.
558 BCE,Power struggles,Various rulers,"Persia, Babylon, Egypt, Israel","Power struggles in multiple kingdoms (Persia, Babylon, Egypt, Israel)."
556 BCE,Nabonidus becomes king,Babylonian,Babylon,Nabonidus becomes the last king of the Neo-Babylonian Empire.
553 BCE,Cyrus revolts,Persian,Media,Cyrus revolts against the Median Empire.
550 BCE,Fall of Median Empire,Persian (Cyrus),Ecbatana,"Cyrus defeats Astyages, king of Medes, and captures Ecbatana, establishing the Achaemenid Empire."
550-330 BCE,Persian Empire dominance,Persian,Near East,"The Persian Empire dominates the Near East, facilitating cultural exchanges between Mesopotamia, Central Asia, and the steppe."
547/546 BCE,Conquest of Lydia,Persian (Cyrus),"Lydia, Sardis","Cyrus conquers Lydia, defeating King Croesus and capturing Sardis."
546 BCE,Occupation of Cyprus,Persian,Cyprus,Persia occupies Cyprus.
543 BCE,Buddha's enlightenment,Buddha,Bodh Gaya (India),Traditional date of Buddha's enlightenment according to some scholar's estimates.
539 BCE,Conquest of Babylon,Persian (Cyrus),Babylon,Cyrus conquers Babylon.
538 BCE,Edict of Cyrus,"Persian (Cyrus), Jews","Babylon, Jerusalem",Edict of Cyrus allows Jews to return to Jerusalem.
Date,Event,People/Culture,Location,Description
534-509 BCE,Reign of Lucius Tarquinius Superbus,Romans,Rome,"Reign of Lucius Tarquinius Superbus (""Tarquin the Proud""), last Roman king. Acquires the Sibylline Books—prophetic texts consulted during crises—after the Cumaean Sibyl offers nine scrolls; he buys the final three after she burns six."
530 BCE,Death of Cyrus the Great,Persian,Massagetae territory,Cyrus dies in battle against the Massagetae; buried at Pasargadae. Cambyses II succeeds his father Cyrus.
529 BCE,Cambyses II's succession,Persian,Persia,Cambyses II becomes King of Persia.
525 BCE,Egyptian conquest,Persian (Cambyses II),"Egypt, Nubia, Cyrenaica","Cambyses II conquers Egypt, Nubia, and Cyrenaica."
525 BCE,Lost Army of Cambyses,Persian,"Western Desert, Egypt","The Lost Army of Cambyses - a historical mystery dating back to when Cambyses II allegedly sent 50,000 soldiers to destroy the Oracle of Amun at Siwa Oasis in Egypt. According to Herodotus, this army vanished in the Western Desert, supposedly engulfed by a massive sandstorm. Alternative theories have emerged, including the possibility of an ambush by Egyptian rebels. Despite numerous expeditions and claims of discoveries, no conclusive evidence of the army's fate has been found."
522 BCE,Death of Cambyses II,Persian,En route to Persia,Cambyses dies under mysterious circumstances while returning to Persia. Some stories suggest he had died from self-inflicted wound to the leg while trying to mount his horse.
522 BCE,Behistun Inscription account,Persian,"Behistun, Persia","The Behistun Inscription states that Gaumata had falsely claimed to be Bardiya, who had actually been killed by Cambyses II. According to Darius, the Iranian people had grown rebellious against Cambyses's rule, and on March 11, 522 BCE, a revolt broke out in his absence. On July 1, the people chose to follow Gaumata, believing him to be Bardiya."
522 BCE,Gaumata's reign,Persian,Persia,Gaumata Smerdis–Baridya assumes the throne and reigns for 7 months.
521 BCE,Darius seizes power,Persian,Persia,"Darius I seizes the Persian throne. Darius I and six other nobles assassinate Gaumata. The six nobles who assisted Darius in this coup were: 1. Otanes, 2. Intaphrenes, 3. Gobryas, 4. Hydarnes, 5. Megabyzus, 6. Aspathines. Darius believed that Ahura Mazda had appointed him to rule the Achaemenid Empire."
521 BCE,Darius I's succession,Persian,Persia,Darius I becomes King of Persia.
521-519 BCE,Revolts against Darius,Various peoples,"Persis, Media, Parthia, Assyria, Egypt","Revolts against Darius begin in Persis, Media, Parthia, Assyria, and Egypt. Precipitating the Achaemenid Civil War (522-520 BC)."
520 BCE,Scythian campaign,Persian (Darius),Scythian territories,Darius fights the Scythians.
520 BCE,Royal Road rebuilt,Persian,Susa to Sardis,"The Royal Road is rebuilt for trade by Darius the Great. Darius I built the road to facilitate rapid communication on the western part of his large empire from Susa to Sardis. Mounted couriers of the Angarium were supposed to travel 1,677 miles (2,699 km) from Susa to Sardis in nine days; the journey took ninety days on foot. Herodotus wrote, ""There is nothing in the world that travels faster than these Persian couriers."" Herodotus's praise for these messengers— ""Neither snow nor rain nor heat nor gloom of night stays these couriers from the swift completion of their appointed rounds""— was inscribed on the James Farley Post Office in New York and is sometimes thought of as the United States Postal Service creed."
520 BCE,Second Temple construction begins,Jews,Jerusalem,Construction of the Second Temple in Jerusalem begins by Darius I.
519-510 BCE,Military campaigns,Persian (Darius),"India, Scythian territories, Macedonia, Thrace","Darius campaigns in India, against Scythians, and in Macedonia and Thrace."
518 BCE,Persepolis construction,Persian,Persia,Darius begins construction of Persepolis.
518 BCE,Scythian invasion,Persian (Darius),Scythia,Darius I invades Scythia.
515 BCE,Capital relocation,Persian,Persia,Darius moves the capital from Pasargadae to Persepolis.
515 BCE,Second Temple completion,Jews,Jerusalem,Completion of the Second Temple in Jerusalem.
513 BCE,Scythian campaign,Persian (Darius),Scythian territories,"Darius I of Persia campaigns against the Scythians, forcing some tribes to migrate eastward."
510 BCE,Apadana coin hoard,Persian,Persepolis,Apadana coin hoard deposited (underneath gold foundation tablets of Darius I for the Apadana Palace).
Date,Event,People/Culture,Location,Description
534-509 BCE,Reign of Lucius Tarquinius Superbus,Romans,Rome,"Reign of Lucius Tarquinius Superbus (""Tarquin the Proud""), last Roman king. Acquires the Sibylline Books—prophetic texts consulted during crises—after the Cumaean Sibyl offers nine scrolls; he buys the final three after she burns six."
509 BCE,Overthrow of Roman monarchy,Romans,Rome,"The rape of Lucretia by Sextus Tarquinius (son of Tarquinius Superbus) sparks aristocratic revolt. Lucius Junius Brutus and Lucius Tarquinius Collatinus lead uprising, exile Tarquin family. Roman Republic established with two consuls; Brutus executes his sons for plotting monarchy's return."
508 BCE,Etruscan siege of Rome,"Romans, Etruscans",Rome,"Etruscan king Lars Porsenna besieges Rome to restore Tarquin rule. Republic survives, consolidating power."
508 BCE,Cleisthenes' democratic reforms,Greeks,Athens,Beginning of democratic government in Athens following the expulsion of tyrants.
506 BCE,Confucius begins teaching,Chinese,China,Confucius begins his teaching career.
5th-3rd centuries BCE,Book of Daniel origins,Jewish community,"Babylon, Mesopotamia","Book of Daniel originated as a collection of stories among the Jewish community in Babylon and Mesopotamia, later expanded by visions in chapters 7-12 during the Maccabean era. Daniel possibly chosen as hero due to reputation as a wise seer in Hebrew tradition."
500-494 BCE,Ionian Revolt,"Greeks, Persians",Ionia (Western Asia Minor),Ionian Greek cities revolt against Persian rule.
500 BCE,Mahavira's enlightenment,Jains,India,"Mahavira, founder of Jainism, attains enlightenment."
5th century BCE,Founding of Chersonesos,Dorians,Crimea,"Dorians from Heraclea Pontica found the sea port of Chersonesos in southwestern Crimea. Initially a democracy ruled by elected archons and a council called the Demiurgi, later becoming more oligarchiEventually expanded northwest, built fortifications, and later submitted to the Bosporan Kingdom around 110 BCE."
496 BCE,Battle of Lake Regillus,Romans,Near Rome,"Republic defeats Tarquin's son-in-law, Octavius Mamilius, ending royalist revival hopes."
492 BCE,First Persian invasion of Greece,"Persians, Greeks",Greece,Persian forces begin their first invasion of mainland Greece.
490 BCE,Battle of Marathon,"Greeks, Persians","Marathon, Greece",Greeks defeat Persian forces in a decisive battle.
486 BCE,Death of Darius I,Persians,Persia,Death of Persian king Darius I; succeeded by his son Xerxes I.
486 BCE,Exile of Coriolanus,"Romans, Volsci",Rome,"Legendary general Coriolanus exiled, later leads Volsci against Rome before relenting."
Date,Event,People/Culture,Location,Description
534-509 BCE,Reign of Lucius Tarquinius Superbus,Romans,Rome,"Reign of Lucius Tarquinius Superbus (""Tarquin the Proud""), last Roman king. Acquires the Sibylline Books—prophetic texts consulted during crises—after the Cumaean Sibyl offers nine scrolls; he buys the final three after she burns six."
509 BCE,Overthrow of Roman monarchy,Romans,Rome,"The rape of Lucretia by Sextus Tarquinius (son of Tarquinius Superbus) sparks aristocratic revolt. Lucius Junius Brutus and Lucius Tarquinius Collatinus lead uprising, exile Tarquin family. Roman Republic established with two consuls; Brutus executes his sons for plotting monarchy's return."
508 BCE,Etruscan siege of Rome,"Romans, Etruscans",Rome,"Etruscan king Lars Porsenna besieges Rome to restore Tarquin rule. Republic survives, consolidating power."
508 BCE,Cleisthenes' democratic reforms,Greeks,Athens,Beginning of democratic government in Athens following the expulsion of tyrants.
506 BCE,Confucius begins teaching,Chinese,China,Confucius begins his teaching career.
5th-3rd centuries BCE,Book of Daniel origins,Jewish community,"Babylon, Mesopotamia","Book of Daniel originated as a collection of stories among the Jewish community in Babylon and Mesopotamia, later expanded by visions in chapters 7-12 during the Maccabean era. Daniel possibly chosen as hero due to reputation as a wise seer in Hebrew tradition."
500-494 BCE,Ionian Revolt,"Greeks, Persians",Ionia (Western Asia Minor),Ionian Greek cities revolt against Persian rule.
500 BCE,Mahavira's enlightenment,Jains,India,"Mahavira, founder of Jainism, attains enlightenment."
5th century BCE,Founding of Chersonesos,Dorians,Crimea,"Dorians from Heraclea Pontica found the sea port of Chersonesos in southwestern Crimea. Initially a democracy ruled by elected archons and a council called the Demiurgi, later becoming more oligarchiEventually expanded northwest, built fortifications, and later submitted to the Bosporan Kingdom around 110 BCE."
496 BCE,Battle of Lake Regillus,Romans,Near Rome,"Republic defeats Tarquin's son-in-law, Octavius Mamilius, ending royalist revival hopes."
492 BCE,First Persian invasion of Greece,"Persians, Greeks",Greece,Persian forces begin their first invasion of mainland Greece.
490 BCE,Battle of Marathon,"Greeks, Persians","Marathon, Greece",Greeks defeat Persian forces in a decisive battle.
486 BCE,Death of Darius I,Persians,Persia,Death of Persian king Darius I; succeeded by his son Xerxes I.
486 BCE,Exile of Coriolanus,"Romans, Volsci",Rome,"Legendary general Coriolanus exiled, later leads Volsci against Rome before relenting."
485 BCE,Egyptian rebellion suppressed,Persians,Egypt,Xerxes puts down rebellion in Egypt.
481 BCE,Babylonian rebellion crushed,Persians,Babylonia,Xerxes crushes rebellion in Babylonia.
480 BCE,Second Persian invasion of Greece,"Persians, Greeks",Greece,Xerxes' army invades Greece; Battles of Thermopylae and Salamis.
479 BCE,End of Second Persian invasion,"Persians, Greeks","Athens, Plataea, Mycale",Athens sacked and burned; Persians defeated at Plataea and Mycale.
466 BCE,Battle of Eurymedon,"Greeks, Persians",Eurymedon River (Asia Minor),Delian League defeats Persians.
465 BCE,Assassination of Xerxes,Persians,Persia,Xerxes and his heir Darius assassinated; Artaxerxes I becomes king.
451-450 BCE,Twelve Tables,Romans,Rome,"Twelve Tables codify Roman law, easing patrician-plebeian tensions."
461-456 BCE,Egyptian rebellion,"Egyptians, Athenians, Persians",Egypt,Egyptian rebellion crushed despite Athenian support.
431-404 BCE,Peloponnesian War,Greeks,Greece,War between Athens and Sparta and their respective allies.
423 BCE,Death of Artaxerxes I,Persians,Persia,Death of Artaxerxes I; succeeded by Darius II.
404 BCE,End of Peloponnesian War,"Greeks, Persians","Greece, Persia",Athens loses war; Darius II succeeded by Artaxerxes II.
401 BCE,Battle of Cunaxa,Persians,Near Babylon,Cyrus the Younger fails to overthrow Artaxerxes II.
400 BCE,Karna in Mahabharata,Hindu,India,"Karna (also known as Vasusena, Anga-Raja, Sutaputra and Radheya), a major character in the Hindu epic Mahābhārata. The story parallels the life of Gautama and Darius, connecting this period and civilizational transition."
390 BCE,Gallic sack of Rome,"Romans, Gauls",Rome,Gauls sack Rome; Camillus rescues city (Sibylline Books possibly consulted for recovery rituals).
387/386 BCE,King's Peace,"Greeks, Persians",Ionia,King's Peace returns Ionia to Persian control.
384 BCE,First basilisk references,Greeks,Greece,"Aristotle (384-322 BCE) mentions a small, deadly serpent in his work Historia Animalium. Later named ""basilisk"" (meaning ""little king"") by Pliny the Elder, described as a venomous serpent with a crown-like crest that could kill with its gaze or breath. This account became the foundation for medieval and Renaissance descriptions."
359-338 BCE,Reign of Artaxerxes III,Persians,Persian Empire,Reconquest of Egypt by the Persian Empire.
356 BCE,Birth of Alexander,Macedonians,"Pella, Macedonia",Birth of Alexander the Great.
343-340 BCE,Aristotle tutors Alexander,"Macedonians, Greeks",Macedonia,Alexander is tutored by the philosopher Aristotle.
340 BCE,Alexander joins military,Macedonians,Macedonia,Alexander joins his father Philip II's army.
338 BCE,Battle of Chaeronea,"Macedonians, Greeks","Chaeronea, Greece",Alexander leads the cavalry charge at the Battle of Chaeronea.
336 BCE,Alexander becomes king,Macedonians,Macedonia,Philip II is assassinated; Alexander becomes king of Macedonia.
334 BCE,Alexander invades Persia,"Macedonians, Persians",Asia Minor,"Alexander invades the Persian Empire, crossing into Asia Minor."
333 BCE,Battle of Issus,"Macedonians, Persians",Issus,Alexander defeats Darius III at the Battle of Issus.
332 BCE,Conquest of Egypt,"Macedonians, Egyptians",Egypt,Alexander conquers Egypt and founds Alexandria.
331 BCE,Battle of Gaugamela,"Macedonians, Persians",Near Arbela,"Alexander defeats Darius III decisively and declares himself ""King of Asia."""
330 BCE,Fall of Persian Empire,"Macedonians, Persians",Persepolis,Alexander captures and burns Persepolis. The Achaemenid Empire falls.
327-325 BCE,Indian campaign,"Macedonians, Indians",India,Alexander's campaign in India reconnects Greek and Buddhist traditions.
326 BCE,Battle of the Hydaspes,"Macedonians, Indians",Hydaspes River (Punjab),Alexander defeats King Porus.
323 BCE,Death of Alexander,Macedonians,Babylon,Alexander dies in Babylon at age 32.
322-275 BCE,Wars of the Diadochi,"Macedonians, Greeks",Various,Wars among Alexander's successors for control of his empire.
305 BCE,Founding of Seleucid Empire,Seleucids,Western Asia,Seleucus I Nicator establishes the Seleucid Empire.
Date,Event,People/Culture,Location,Description
300 BCE-300 CE,Silla Kingdom symbolism,Silla Kingdom,Korean Peninsula,Gold crowns of Silla (5th-6th century CE) display tree-of-life motifs compared to Assyrian designs. These motifs may reflect a shared cultural heritage with Saka migrations.
Late 3rd Century BCE,Taurian-Scythian intermixing,"Taurians, Scythians",Crimea,"Taurians intermixed with the Scythians starting from the end of 3rd century BC, and were mentioned as Tauroscythians and Scythotaurians in the works of ancient Greek writers. The Taurians underwent the rule of the Pontic Kingdom in the 2nd century BAs a result of Roman occupations, Taurians were romanized in the first century AD. Later the Taurians were subsumed by the Alans and Goths, and existed till the 4th century."
270-232 BCE,Reign of Emperor Ashoka,Mauryan Empire,India,"Ashoka converts to Buddhism and initiates widespread missionary efforts. He sends emissaries to regions including Syria, Egypt, Greece, Macedonia, and Cyrene. Bilingual inscriptions in Greek and Aramaic from Kandahar indicate cultural exchange between Greek settlers and Indian thought. Early Christianity and Buddhist interactions: Buddhist gravestones in Alexandria depict Dharma wheels, suggesting the presence of Buddhists in Egypt during Christianity's emergence."
3rd century BCE,Apollonius of Rhodes,Greeks,"Alexandria, Rhodes","Apollonius of Rhodes was an ancient Greek author, best known for the Argonautica, an epic poem about Jason and the Argonauts and their quest for the Golden Fleece. The poem is one of the few extant examples of the epic genre and it was both innovative and influential, providing Ptolemaic Egypt with a ""cultural mnemonic"" or national ""archive of images"", and offering the Latin poets Virgil and Gaius Valerius Flaccus a model for their own epics."
250-125 BCE,Greco-Bactrian Kingdom,"Greeks, Bactrians",Bactria (Central Asia),"Buddhism flourishes in the eastern Greek world, particularly in Bactria. Greco-Buddhism emerges as a fusion of Greek and Buddhist traditions. King Menander I (Milinda) converts to Buddhism and becomes a major patron of Buddhist philosophy."
216 BCE,Roman religious response,Romans,Rome,"After catastrophic Roman loss at Cannae (Second Punic War), Sibylline Books advise human sacrifices and importing Cybele's cult."
200 BCE,Introduction of Bacchus cult,Romans,Rome,"The cult of Bacchus was introduced to Rome around 200 BCE, and the mystery cult attracted both men and women participants alike. The cult held secret meetings known as the Bacchanalia, festivals dedicated in honour of Bacchus (the Greco-Roman god of wine, religious ecstasy, insanity, and festivity, among other things). According to Livy, the Bacchanalia would have been the perfect place to hatch a plot and/or commit a crime, as any noise made would be drowned out by ceremonial drums and cymbals."
186 BCE,Suppression of Bacchus cult,Romans,Italy,"In one of the earliest cases of the Romans coming down hard on a religion, the state violently suppressed the worship of Bacchus in Italy."
180 BCE-10 CE,Indo-Greek Kingdom,"Greeks, Indians",Northwestern India,The Indo-Greek Kingdom continues as a center for Greco-Buddhist culture. Prominent Buddhist missionaries like Mahadharmaraksita spread Buddhist teachings.
150 BCE,Reign of Menander I Soter,Indo-Greeks,Northwestern India,"Menander I Soter (lit. 'Menander the Saviour'; Pali: Milinda), sometimes called Menander the Great, was a Greco-Bactrian and later Indo-Greek King (reigned 165/155–130 BC) who administered a large territory in the Northwestern regions of the Indian Subcontinent and Central Asia. Menander is noted for having become a patron and convert to Greco-Buddhism and he is widely regarded as the greatest of the Indo-Greek kings. The Milinda Panha records his dialogues with Buddhist monks."
Date,Event,People/Culture,Location,Description
44 BCE,Sibylline prophecy,Romans,Rome,"Sibylline prophecy—""only a king can defeat Parthia""—fuels senatorial fears of Julius Caesar's ambition, contributing to his assassination."
83 BCE,Destruction of Sibylline Books,Romans,Rome,Original Sibylline Books destroyed in Temple of Jupiter fire; replacements compiled under Augustus.
Mid-1st Century CE,Emergence of Ebionites,Jewish-Christians,Judea,"Ebionites emerge as a Jewish-Christian sect. They reject Paul's teachings, adhere to Jewish law, and view Jesus as a human prophet rather than divine."
Late 1st-Early 2nd Century CE,Development of Gnosticism,Early Christians,Mediterranean,"Gnosticism begins to develop. Gnostics emphasize secret knowledge (gnosis) for salvation and often depict the material world as evil, created by a lesser deity (Demiurge)."
120 CE,Disappearance of Ninth Legion,Romans,Britain,Legio IX Hispana (Ninth Legion) vanishes from records. Theories suggest annihilation in northern Britain or transfer east.
Mid-2nd Century CE,Rise of Marcionism,Early Christians,Asia Minor,"Marcionism arises, founded by Marcion of Sinope. Marcion rejects the Old Testament and claims the God of Jesus is distinct from the God of the Hebrew Bible."
Late 2nd Century CE,Montanism movement,Early Christians,Phrygia (Asia Minor),"Montanism, a charismatic movement led by Montanus, emphasizes prophecy, asceticism, and the imminent return of Christ. It is criticized for its ecstatic practices and claims of new revelation."
Early 3rd Century CE,Sabellianism doctrine,Early Christians,Mediterranean,"Sabellianism (Modalism) emerges, teaching that the Father, Son, and Holy Spirit are not distinct persons but different modes of the same God. It is condemned as heretical for denying the Trinity."
Mid-3rd Century CE,Novatianism schism,Early Christians,Rome,"Novatianism arises after the Decian persecution. Novatianists argue that those who apostatized under persecution cannot be readmitted to the Church, opposing the mainstream practice of reconciliation."
Late 3rd Century CE,Founding of Manichaeism,Manichaeans,Persia,"Manichaeism, founded by Mani, blends Christian, Gnostic, and Zoroastrian elements. It teaches a dualistic cosmology of light vs. darkness and is later condemned as heretical."
3rd-6th century CE,Keyhole tomb parallels,"Japanese, Hyksos, Scythians","Japan, Caucasus","Keyhole tombs (3rd-6th century CE) in Japan are compared to Hyksos-Era burial mounds in the Caucasus. This architectural similarity may indicate a shared cultural heritage between the Hyksos, Scythians, and Japanese."
325 CE,Arianism controversy,Early Christians,Nicaea (Asia Minor),"Arianism, founded by Arius, teaches that Jesus is a created being and not co-eternal with the Father. This sparks the Arian Controversy, leading to the Council of Nicaea (325 CE), which condemns Arianism and affirms the Nicene Creed."
Date,Event,People/Culture,Location,Description
300 BCE - 300 CE,Silla Kingdom symbolism,Silla Kingdom,Korean Peninsula,Gold crowns of Silla (5th-6th century CE) display tree-of-life motifs compared to Assyrian designs. These motifs may reflect a shared cultural heritage with Saka migrations.
270-232 BCE,Reign of Emperor Ashoka,Mauryan Empire,India,"Ashoka converts to Buddhism and initiates widespread missionary efforts. He sends emissaries to regions including Syria, Egypt, Greece, Macedonia, and Cyrene. Bilingual inscriptions in Greek and Aramaic from Kandahar indicate cultural exchange between Greek settlers and Indian thought. Early Christianity and Buddhist interactions: Buddhist gravestones in Alexandria depict Dharma wheels, suggesting the presence of Buddhists in Egypt during Christianity's emergence."
Late 3rd Century BCE,Taurian-Scythian intermixing,"Taurians, Scythians",Crimea,"Taurians intermixed with the Scythians starting from the end of 3rd century BCE, and were mentioned as Tauroscythians and Scythotaurians in the works of ancient Greek writers. The Taurians underwent the rule of the Pontic Kingdom in the 2nd century BCE. As a result of Roman occupations, Taurians were romanized in the first century AD. Later the Taurians were subsumed by the Alans and Goths, and existed till the 4th century."
325.0,Council of Nicaea,Early Christians,Nicaea,Condemns Arianism and affirms the Nicene Creed.
Mid-4th Century,Rise of Donatism,North African Christians,North Africa,Donatism argues that the validity of sacraments depends on the moral purity of the clergy. It is condemned as schismatic.
385.0,Execution of Priscillian,Priscillianists,Spain,"Priscillianism, an ascetic and Gnostic-influenced movement, emerges in Spain. Priscillian, its leader, is executed for heresy, marking the first instance of capital punishment for heresy."
391.0,Destruction of Serapeum,"Christians, Pagans","Alexandria, Egypt","Theophilus discovers a hidden pagan temple and displays artifacts mockingly, provoking pagan attacks. Christians counter-attack, forcing pagans to retreat to the Serapeum. Emperor orders pardon for pagans but destruction of the temple. Theophilus destroys the Serapeum and Mithraeum, with pagan symbols paraded through the forum. The event symbolizes Christianity's triumph over other religions."
394.0,Epiphanius writes to John of Jerusalem,Church Fathers,Jerusalem,Epiphanius asks for Origen to be condemned.
395.0,Jerome joins anti-Origenists,Church Fathers,Various,"Jerome, initially an admirer of Origen, aligns with the anti-Origenist faction, accusing Origen's teachings of promoting heresy (e.g., the pre-existence of souls and universal salvation)."
397.0,Rufinus publishes Latin translation,Church Fathers,Various,"Rufinus publishes a Latin translation of Origen's ""On First Principles""."
Late 4th Century,Neoplatonism influences Christianity,"Church Fathers, Neoplatonists",Various,"Neoplatonism, particularly through thinkers like Plotinus and Porphyry, influences Christian theology. Church Fathers such as Augustine integrate Neoplatonic ideas about the soul, God, and the nature of reality into Christian doctrine."
399-403,First Origenist Crisis,"Theophilus of Alexandria, Origenist monks",Egypt,"Theophilus of Alexandria condemns Origen's teachings, leading to the expulsion of Origenist monks from Egyptian monasteries. This marks the height of the First Origenist Crisis."
Date,Event,People/Culture,Location,Description
399.0,Theophilus' Festal Letter controversy,"Theophilus of Alexandria, Egyptian monks","Alexandria, Egypt","Theophilus issues a Festal Letter (pastoral letter) denouncing anthropomorphic views of God. A large mob of Alexandrian monks who held anthropomorphic views riots in the streets. Theophilus suddenly changes his position and begins denouncing Origen to appease the monks. The letter affirmed God's incorporeality, consistent with Origenist teaching. Three of four monastic abbots in Nitria refuse to allow it to be read in their communities. Angry desert ascetics travel to Alexandria to demonstrate against Theophilus, threatening violence. This marks the beginning of Theophilus' campaign against Origenism, despite his previous support for Origen's followers."
400.0,Council of Alexandria,"Theophilus, Church leaders","Alexandria, Egypt","Theophilus summons a council in Alexandria, which condemns Origen and his followers as heretics."
402.0,Expulsion of Origenist monks,"Theophilus, ""Tall Brothers""",Egypt,"Theophilus expels Origenist monks from Egyptian monasteries and banishes the four ""Tall Brothers"" who were leaders of the Nitrian community."
403.0,Synod of the Oak,"John Chrysostom, Theophilus, ""Tall Brothers""",Constantinople,"John Chrysostom, Patriarch of Constantinople, grants asylum to the expelled Tall Brothers. Theophilus uses this fact to orchestrate John Chrysostom's condemnation and removal from his position at the Synod of the Oak."
After 403,End of First Origenist Crisis,"Theophilus, Origenist monks",Egypt,"Theophilus restores normal relations with the Origenist monks in Egypt, marking the end of the first Origenist crisis."
418.0,Council of Carthage,"Pelagius, Church leaders",Carthage,"Council condemns Pelagianism, which emphasizes human free will and denies original sin."
431.0,Council of Ephesus,"Nestorius, Church leaders",Ephesus,"Council condemns Nestorianism, which teaches that Christ exists as two distinct persons (divine and human) rather than one united person. The council also condemns Pelagianism."
451.0,Council of Chalcedon,"Eutyches, Church leaders",Chalcedon,"Council condemns Monophysitism, associated with Eutyches, which teaches that Christ has only one nature (divine) rather than two (divine and human)."
524.0,Execution of Boethius,Boethius,Rome,"Execution of Boethius, who had laid groundwork for integrating classical philosophy into Christian theology. This event, shortly before the Academy's closure, accelerated the shift from pagan to Christian philosophy. In the Byzantine Empire, Christian Neoplatonism became the dominant intellectual framework, with figures like Pseudo-Dionysius the Areopagite blending Platonic ideas with Christian mysticism."
Date,Event,People/Culture,Location,Description
529.0,Closure of Platonic Academy,"Justinian I, Neoplatonist philosophers","Athens, Byzantine Empire","Justinian I ordered the closing of the Platonic Academy in Athens. The Academy's property was confiscated, and its funding ceased. This was part of Justinian's broader campaign to suppress paganism and consolidate Christian orthodoxy across the Byzantine Empire. Neoplatonist philosophers flee to the Sasanian Empire, influencing later Islamic philosophy."
529-531,Flight of philosophers,"Damascius, Simplicius of Cilicia, Neoplatonists",Byzantine Empire to Sasanian Empire,"Damascius (the last head of the Academy) and Simplicius of Cilicia, along with other Neoplatonists, flee the Byzantine Empire to avoid persecution."
531.0,Philosophers arrive in Sasanian Empire,"Damascius, Simplicius, Khosrow I",Sasanian Empire,"The philosophers arrive in the Sasanian Empire, ruled by Khosrow I (Anushirwan), who was known for his interest in Greek philosophy and science. Khosrow I welcomes the philosophers and provides them with patronage, allowing them to continue their intellectual work."
531-579,Patronage of Greek Philosophy,"Khosrow I, Damascius, Simplicius",Sasanian Empire,"Khosrow I establishes a scholarly environment in his court, where Greek, Persian, and Indian intellectual traditions are studied and translated. Damascius and Simplicius engage in writing commentaries on classical texts, particularly the works of Plato and Aristotle. Simplicius writes extensive commentaries on Aristotle's works, including the Physics, On the Heavens, and Categories, which later become influential in both Islamic and Byzantine philosophy."
531-579,Translation and Preservation of Greek Texts,"Persian scholars, Greek philosophers",Sasanian Empire,The Sasanian Empire becomes a hub for the translation of Greek texts into Middle Persian (Pahlavi). These translations later serve as a bridge for the transmission of Greek knowledge to the Islamic world. The philosophers may have collaborated with Persian scholars to translate and preserve Greek philosophical and scientific works.
531-579,Cross-cultural intellectual exchange,"Greek, Persian, Indian, Syriac scholars",Sasanian Empire,"The Sasanian court under Khosrow I is a melting pot of ideas, where Greek philosophy interacts with Zoroastrian, Indian, and Syriac Christian thought. This cross-cultural exchange enriches the intellectual landscape and lays the groundwork for later developments in Islamic philosophy."
579.0,Death of Khosrow I,"Khosrow I, Greek philosophers",Sasanian Empire,"With the death of Khosrow I, the patronage of Greek philosophers in the Sasanian Empire declines. His successors are less interested in intellectual pursuits and more focused on military and political challenges. The philosophers lose their primary source of support and begin to disperse."
Post-579,Dispersal of philosophers,"Simplicius, Greek philosophers",Various locations,"Some philosophers, including Simplicius, may have returned to the Byzantine Empire, where they continued their work in relative obscurity. Others may have remained in the Sasanian Empire or moved to other centers of learning in the Eastern Mediterranean."
628-651,Collapse of the Sasanian Empire,"Sasanian Empire, Islamic Caliphate",Middle East,"The Sasanian Empire is weakened by a prolonged war with the Byzantine Empire (602-628) and later falls to the Islamic Caliphate during the Arab-Muslim conquests (633-651). The decline of the Sasanian Empire leads to the dispersal of its intellectual community, including scholars who had preserved Greek texts."
Post-651,Transmission to Islamic Golden Age,Islamic scholars,"Baghdad, Islamic Caliphate","The Greek texts preserved and translated in the Sasanian Empire become a key resource for the Islamic Golden Age. The House of Wisdom in Baghdad, established by the Abbasid Caliphs in the 8th-9th centuries, becomes a center for the translation of Greek works into ArabiPhilosophers like Al-Kindi, Al-Farabi, and Avicenna (Ibn Sina) engage with these texts, blending Greek philosophy with Islamic theology."
Date,Event,People/Culture,Location,Description
500-700,Continuation of Greek philosophy,"Damascius, Simplicius, Persian scholars",Sasanian Empire,"Philosophers like Damascius and Simplicius continued their work under Khosrow I's patronage. They likely contributed to the translation and preservation of Greek texts, which later influenced Islamic philosophy. After Khosrow's death and the decline of the Sasanian Empire, many of these philosophers may have returned to the Byzantine Empire or dispersed further east."
500-700,Alexandrian philosophical tradition,"John Philoponus, Olympiodorus the Younger","Alexandria, Eastern Mediterranean","Alexandria remained a center of learning, though it increasingly focused on Christian theology and Aristotelian logiFigures like John Philoponus and Olympiodorus the Younger continued to teach and write, blending classical philosophy with Christian thought. The School of Alexandria became a key institution for the study of Aristotle and Neoplatonism within a Christian context."
700-900,Islamic Translation Movement,Arab scholars,"Baghdad, Islamic Caliphate","Greek philosophical texts, including works by Plato, Aristotle, and the Neoplatonists, were translated into Arabic during the Islamic Golden Age. This was facilitated by the House of Wisdom in Baghdad and other centers of learning. Philosophers like Al-Kindi, Al-Farabi, and Avicenna (Ibn Sina) engaged deeply with Greek thought, adapting it to Islamic theology and philosophy."
700-900,Islamic philosophical development,Islamic philosophers,Middle East,"Neoplatonic ideas, particularly those of Plotinus and Proclus, were integrated into Islamic metaphysics and mysticism (e.g., Sufism). The works of the Athenian philosophers who fled to the Sasanian Empire may have indirectly influenced this intellectual tradition."
700-900,Carolingian Renaissance,Monastic scholars,Western Europe,"In Western Europe, the works of classical philosophers were preserved and transmitted through monastic scriptoria. The Carolingian Renaissance saw renewed interest in classical thought."
800-1000,Macedonian Renaissance,"Michael Psellos, John Italus",Byzantine Empire,"The Byzantine Empire saw a revival of classical learning during the Macedonian Renaissance. Figures like Michael Psellos and John Italus engaged with Neoplatonism and Aristotelianism, though within a Christian framework."
800-1600,Eta caste preservation theories,Eta caste,Japan,"Hidden communities in Japan, such as the Eta caste, are theorized to have preserved Levantine taboos on leatherworking. Evidence: Zenko-ji Temple's hexagonal floor patterns and ""Ark of the Covenant"" analogies suggest possible Occidental influences."
1100-1200,European Renaissance,European scholars,Western Europe,Renewed interest in classical thought during the 12th-century Renaissance.
1200-1300,Scholastic synthesis,Thomas Aquinas,Western Europe,"Thinkers like Thomas Aquinas synthesized Aristotelian philosophy with Christian theology, shaping medieval scholasticism."
1223.0,Battle of the Kalka River,"Kievan Rus', Mongol Empire",Kalka River (Eastern Europe),The Battle of the Kalka River marks the first major encounter between the Kievan Rus' and the Mongol Empire.
Date,Event,People/Culture,Location,Description
1600-1200 BCE,Proto-Hyksos Era,Hyksos,Northern Egypt,"The Hyksos controlled northern Egypt before being expelled and migrating northward. They may have carried Mesopotamian religious symbols into Central Asia, influencing later Scythian and Saka cultures."
2000-500 BCE,Biblical Period & First Diaspora,Israelites,Middle East,"The Assyrian conquest of the Northern Kingdom of Israel in 722 BCE led to the exile of the Ten Lost Tribes, who allegedly migrated eastward through Central Asia."
700-300 BCE,Scythian Expansion,Saka-Scythians,Eurasia,"The Saka-Scythians established extensive trade networks across Eurasia, with some groups reaching the Korean Peninsula."
384-322 BCE,Earliest basilisk reference,Greek,Greece,"Aristotle mentioned a small, deadly serpent in his work Historia Animalium, though he did not explicitly call it a ""basilisk."""
57 BCE,Founding of Silla Kingdom,Silla,Korean Peninsula,"The Silla Kingdom is founded by Bak Hyeokgeose, described with ""radiant light"" motifs compared to menorah symbolism."
13 CE,Pandya Embassy to Augustus,Pandya Empire,Southern India/Rome,An embassy from Southern India visits Caesar Augustus in Samos. The sage Zarmanochegas performs self-immolation in Athens. His tomb identifies him as a Shramana (Buddhist ascetic).
77-79 CE,First formal basilisk description,Roman,Rome,"Pliny the Elder in his Natural History described the basilisk as a venomous serpent with a crown-like crest, capable of killing with its gaze or breath."
1st Century CE,Buddhist presence in Egypt,Buddhists,"Alexandria, Egypt","Buddhist gravestones from the Ptolemaic period found in Alexandria depict Dharma wheels, suggesting Buddhist presence during Christianity's emergence."
1237-1240,Mongol invasion of Kievan Rus',Mongols,Kievan Rus',Establishes the Golden Horde.
1299.0,Foundation of Ottoman Beylik,Ottomans,Northwestern Anatolia,Osman I establishes the Ottoman Beylik.
1326.0,Capture of Bursa,Ottomans,Anatolia,Bursa becomes the first major Ottoman capital.
1380.0,Battle of Kulikovo,"Russians, Tatars",Russia,Marks the beginning of Russian resistance to Tatar rule.
1389.0,Battle of Kosovo,Ottomans,Balkans,Solidifies Ottoman dominance in the Balkans.
1402.0,Battle of Ankara,"Ottomans, Timurids",Ankara,"Timur defeats the Ottomans, causing a temporary disruption."
1453.0,Fall of Constantinople,"Ottomans, Byzantines",Constantinople,"Mehmed II conquers Constantinople, ending the Byzantine Empire and marking the rise of the Ottoman Empire as a major power."
1480.0,Great Stand on the Ugra River,"Russians, Tatars",Russia,Ends Tatar dominance over Russia.
1520-1566,Reign of Suleiman the Magnificent,Ottomans,Ottoman Empire,The zenith of the Ottoman Empire.
1552.0,Conquest of Kazan Khanate,Russians,Russia,Ivan the Terrible conquers the Kazan Khanate.
1683.0,Second Siege of Vienna,Ottomans,Vienna,Marks the beginning of Ottoman decline.
1783.0,Annexation of Crimean Khanate,Russians,Crimea,Catherine the Great annexes the Crimean Khanate.
1922.0,Abolition of the Sultanate,Ottomans,Turkey,End of the Ottoman Empire.
Date,Event,People/Culture,Location,Description
302 BC,First King of Iberia,Pharnavaz I,Iberia (Georgia),"Pharnavaz becomes the first king after emerging victorious in a power struggle. He built Armaztsikhe citadel, a temple to Armazi, and created a new administrative system dividing the country into counties (saeristavos)."
237 BC,End of Pharnavaz I's reign,Iberian Kingdom,Iberia,"End of Pharnavaz I's reign, beginning a period of prosperity followed by incessant warfare against numerous invasions."
2nd century BC,Loss of territory,Iberian/Armenian Kingdoms,Southern Iberia,"Southern parts of Iberia, previously conquered from Armenia, are reunited with Armenia. Colchian lands secede to form separate princedoms (sceptuchoi)."
Late 2nd century BC,Religious conflict,King Pharnajom,Iberia,Pharnavazid king Pharnajom is dethroned by his subjects after converting to Zoroastrianism.
93 BC,New dynasty,Artaxias,Iberia,"Armenian prince Artaxias ascends the Iberian throne, establishing the Artaxiad dynasty of Iberia."
65 BC,Roman invasion,"Romans, Iberians",Iberia,Roman general Pompey invades Iberia during his war with Mithradates VI of Pontus and Armenia. Rome does not establish permanent power over Iberia.
36 BC,Roman military campaign,"Romans, King Pharnavaz II","Iberia, Caucasian Albania","Romans march on Iberia again, forcing King Pharnavaz II to join their campaign against Caucasian Albania."
1st century AD,Roman protection,"Romans, Iberians",Iberia,"Iberia accepts Roman Imperial protection while maintaining independence, becoming a free ally rather than a province."
58-106 AD,Reign of Mihdrat I,King Mihdrat I,Iberia,"King described in stone inscription at Mtskheta as ""the friend of the Caesars"" and king ""of the Roman-loving Iberians."""
75 AD,Roman fortification,Emperor Vespasian,Mtskheta,Emperor Vespasian fortifies the ancient Mtskheta site of Arzami for the Iberian kings.
116-132 AD,Reign of Pharsman II,King Pharsman II,Iberia,Iberia regains some of its former power. Relations with Emperor Hadrian were initially strained but improved under Antoninus Pius.
2nd century AD,Status change,"Romans, Iberians",Iberia,"Rome recognizes Iberia as an ally rather than a subject state, a situation that remained even during hostilities with the Parthians."
224 AD,Sasanian Empire foundation,Ardashir I,Persia,"Foundation of the Sasanian Empire, which changes Iberia's political orientation away from Rome."
241-272 AD,Persian tributary,Shapur I,Iberia,"During the reign of Sasanian ruler Shapur I, Iberia becomes a tributary of the Persian state."
260-265 AD,Reign of Amazasp III,King Amazasp III,Iberia,The Iberian king is listed as a high dignitary of the Sasanian realm and cooperates in Persian campaigns against Rome.
260s-290s AD,Zoroastrianism spread,Sasanians,Iberia,Probable establishment of Zoroastrianism in Iberia as Sasanians propagate their religion.
298 AD,Peace of Nisibis,"Romans, Persians",Iberia,"The treaty grants the Roman Empire control of Iberia again as a vassal state. Rome recognizes Mirian III as king, the first of the Chosroid dynasty."
303 AD,Christianity introduced,Saint Nino,Iberia,Saint Nino begins preaching Christianity in Iberia.
317 AD,Christianity as state religion,King Mirian III,Iberia,"King Mirian III and leading nobles convert to Christianity, declaring it the state religion, creating strong ties with Rome/Byzantium."
363 AD,Persian control,King Varaz-Bakur I,Iberia,"After Emperor Julian's death during his failed Persian campaign, Rome cedes control of Iberia to Persia. King Varaz-Bakur I becomes a Persian vassal."
387 AD,Peace of Acilisene,"Persians, Romans",Iberia,The treaty confirms Persia's control over Iberia.
406-409 AD,Brief independence,King Pharsman IV,Iberia,King Pharsman IV temporarily preserves his country's autonomy and ceases to pay tribute to Persia.
Mid-5th century,Dual official religions,"Iberians, Sasanians",Eastern Georgia,Zoroastrianism becomes a second official religion alongside Christianity under Sasanian influence.
447-502 AD,Reign of Vakhtang I,King Vakhtang I (Gorgasali),Iberia,"Period marked by relative revival. Though a Persian vassal, he secures northern borders, subjugates mountaineers, and brings western and southern Georgian lands under control."
482 AD,Uprising against Persia,King Vakhtang I,Iberia,"Vakhtang leads a general uprising against Persia, starting a twenty-year war for independence that ultimately fails."
502 AD,Death of Vakhtang I,King Vakhtang I,Iberia,Vakhtang I dies in battle against Persia.
523 AD,Failed insurrection,Gurgen,Iberia,Another unsuccessful insurrection against Persia has severe consequences. Iberian kings hold only nominal power while Persians effectively rule.
580 AD,Abolition of monarchy,Hormizd IV,Iberia,"Following King Bacurius III's death, Sasanian ruler Hormizd IV abolishes the Iberian monarchy. Iberia becomes a Persian province ruled by a marzpan (governor)."
582 AD,Appeal to Byzantium,Georgian nobles,Iberia,Georgian nobles urge Byzantine emperor Maurice to revive the kingdom of Iberia.
591 AD,Division of Iberia,"Byzantines, Persians",Iberia,"Byzantium and Persia agree to divide Iberia, with Tbilisi in Persian hands and Mtskheta under Byzantine control."
607 AD,Reunification attempt,Prince Stephan I,Iberia,Iberian prince Stephan I joins forces with Persia to reunite all territories of Iberia.
627-628 AD,Byzantine dominance,Emperor Heraclius,Georgia,"Heraclius's offensive brings victory over Georgians and Persians, ensuring Byzantine predominance until the Arab invasion."
645 AD,Arab invasion,"Arabs, Prince Stephanoz II",Iberia,Arabs reach Iberia and force Prince Stephanoz II to abandon Byzantine allegiance and recognize the Caliph. Iberia becomes a tributary state.
653 AD,Arab control,Arabs,Tbilisi,An Arab emir is installed in Tbilisi.
813-830 AD,Bagrationi dynasty begins,Eristavi Ashot I,Iberia,Ashot I establishes himself as hereditary prince of Iberia with the Byzantine title kouropalates during weakening Arab rule.
888 AD,Royal coronation,Adarnase IV,Iberia,"Adarnase IV, formally a Byzantine vassal, is crowned as ""king of Iberia."""
975-1014 AD,Georgian unification,Bagrat III,Georgia,"Bagrat III brings various principalities together to form a united Georgian monarchy, marking the transition from the Kingdom of Iberia to the Kingdom of Georgia."
Date,Event,People/Culture,Location,Description
1299.0,Foundation of the Ottoman Beylik,Osman I,Northwestern Anatolia,"Osman I establishes the Ottoman Beylik, marking the beginning of the empire."
1326.0,Capture of Bursa,Ottoman Turks,Bursa,Bursa becomes the first major Ottoman capital.
1389.0,Battle of Kosovo,"Ottoman Turks, Serbians",Kosovo,Solidifies Ottoman dominance in the Balkans.
1402.0,Battle of Ankara,"Timur, Ottomans",Ankara,"Timur defeats the Ottomans, causing a temporary disruption in the empire."
1453.0,Fall of Constantinople,"Mehmed II, Byzantines",Constantinople,"Mehmed II conquers Constantinople, ending the Byzantine Empire and establishing the Ottomans as a major power."
1517.0,Conquest of Mamluk Sultanate,Selim I,"Egypt, Syria","Selim I brings Egypt, Syria, and holy cities under Ottoman control."
1520–1566,Reign of Suleiman the Magnificent,Suleiman I,Ottoman Empire,The empire reaches its zenith with territorial expansion and cultural flourishing.
1526.0,Battle of Mohács,"Ottoman Turks, Hungarians",Hungary,Leads to Ottoman control over Hungary.
1571.0,Battle of Lepanto,"Ottomans, Holy League",Mediterranean Sea,A significant naval defeat for the Ottomans.
1683.0,Second Siege of Vienna,"Ottomans, Habsburgs",Vienna,Marks a major defeat and begins the decline of Ottoman power in Europe.
1699.0,Treaty of Karlowitz,"European Powers, Ottomans",Karlowitz,Results in significant territorial losses in Europe for the Ottomans.
1839–1876,Tanzimat Reforms,Ottoman Government,Ottoman Empire,"Aimed at modernizing administration, military, and legal systems."
1914–1918,World War I,Central Powers,Middle East,The Ottomans join the Central Powers and suffer major defeats.
1922.0,Abolition of the Sultanate,Mustafa Kemal Atatürk,Turkey,Marks the end of the Ottoman Empire.
1923.0,Establishment of Republic of Turkey,Mustafa Kemal Atatürk,Turkey,The Republic of Turkey is established under Mustafa Kemal Atatürk's leadership.
1299.0,Foundation of the Ottoman Beylik,Osman I,Northwestern Anatolia,"Osman I establishes the Ottoman Beylik, marking the beginning of the empire1."
1326.0,Capture of Bursa,Orhan Gazi,Bursa,Bursa becomes the first major Ottoman capital1.
1389.0,Battle of Kosovo,Murad I,Kosovo,Solidifies Ottoman dominance in the Balkans1.
1402.0,Battle of Ankara,"Bayezid I, Timur",Ankara,"Timur defeats the Ottomans, causing a temporary disruption in the empire1."
1453.0,Conquest of Constantinople,Mehmed II,Constantinople,Marks the end of the Byzantine Empire and the rise of the Ottoman Empire as a major power1.
1517.0,Conquest of Mamluk Sultanate,Selim I,"Egypt, Syria","Brings Egypt, Syria, and holy cities under Ottoman control5."
1520–1566,Reign of Suleiman the Magnificent,Suleiman I,Ottoman Empire,"Empire reaches its zenith with territorial expansion, legal reforms, and cultural flourishing5."
1526.0,Battle of Mohács,Suleiman I,Hungary,Leads to Ottoman control over Hungary5.
1529.0,First Siege of Vienna,Suleiman I,Vienna,Marks the furthest Ottoman advance into Europe5.
1571.0,Battle of Lepanto,Ottoman Navy,Mediterranean Sea,A significant naval defeat for the Ottomans5.
1683.0,Second Siege of Vienna,Ottoman Army,Vienna,Major defeat that begins the decline of Ottoman power in Europe2.
1699.0,Treaty of Karlowitz,Ottoman Empire,Karlowitz,Results in significant territorial losses in Europe5.
1718–1730,Tulip Era,Ottoman Society,Ottoman Empire,Period of cultural flourishing and early attempts at modernization7.
1774.0,Treaty of Küçük Kaynarca,"Ottoman Empire, Russia",Küçük Kaynarca,Loss of Crimea and significant influence in the Black Sea region7.
1821–1830,Greek War of Independence,"Greeks, Ottomans",Greece,Leads to the establishment of an independent Greece7.
1839–1876,Tanzimat Reforms,Ottoman Government,Ottoman Empire,"Aimed at modernizing the empire's administration, military, and legal systems5."
1853–1856,Crimean War,"Ottomans, Britain, France",Crimea,The Ottomans align with Britain and France against Russia7.
1876.0,First Ottoman Constitution,Ottoman Government,Ottoman Empire,Marks the beginning of the First Constitutional Era7.
1877–1878,Russo-Turkish War,"Ottoman Empire, Russia",Balkans,Leads to further territorial losses in the Balkans7.
1908.0,Young Turk Revolution,Young Turks,Ottoman Empire,Restoration of the constitution and beginning of the Second Constitutional Era7.
1912–1913,Balkan Wars,"Ottoman Empire, Balkan states",Balkans,Significant loss of territory in Europe7.
1914–1918,World War I,Ottoman Empire,Multiple fronts,The Ottomans join the Central Powers and suffer major defeats4.
1915–1916,Armenian Genocide,Ottoman Government,Anatolia,Mass deportation and killing of Armenians4.
1920.0,Treaty of Sèvres,"Allied Powers, Ottoman Empire",Sèvres,Partitioning of the Ottoman Empire7.
1922.0,Abolition of the Sultanate,Turkish Nationalists,Turkey,End of the Ottoman Empire4.
1923.0,Establishment of the Republic of Turkey,Mustafa Kemal Atatürk,Turkey,The Republic of Turkey is established under Mustafa Kemal Atatürk's leadership5.
5th–9th Century,Formation of Turkic and Mongol confederations,Turkic and Mongol tribes,"Central Asia, Eurasian steppes","The Turkic and Mongol tribes, ancestors of the Tatars, begin to form nomadic confederations in Central Asia and the steppes of Eurasia."
10th–12th Century,Kipchak Turks dominate the Pontic-Caspian steppe,"Kipchak Turks (Cumans), Slavic tribes",Pontic-Caspian steppe,The Kipchak Turks interact with Slavic tribes and the Kievan Rus'.
1223.0,Battle of the Kalka River,"Mongols (Subutai & Jebe), Kievan Rus', Cumans",Kalka River,"The first major encounter between the Kievan Rus' and the Mongol Empire, resulting in a Mongol victory."
1237–1240,Mongol invasion of Kievan Rus',"Batu Khan, Mongols",Kievan Rus',"The Mongols destroy major cities like Kiev, establishing the Golden Horde."
1242.0,The Golden Horde is established,Batu Khan,Sarai on the Volga River,The Golden Horde is established as a Mongol successor state. The Tatars become the dominant group within the Horde.
13th–14th Century,"The Golden Horde imposes the ""Tatar Yoke"" on the Russian principalities","Tatars, Russian princes (e.g., Alexander Nevsky)",Russian principalities,The Golden Horde demands tribute and loyalty from the Russian principalities. Some Russian princes cooperate to maintain their positions.
1380.0,The Battle of Kulikovo,"Dmitry Donskoy of Moscow, Golden Horde",Kulikovo Field,"Dmitry Donskoy of Moscow defeats the Golden Horde, marking the beginning of Russian resistance to Tatar rule."
1395.0,Timur (Tamerlane) invades and devastates the Golden Horde,"Timur (Tamerlane), Golden Horde",Golden Horde territory,"Timur's invasion weakens the Golden Horde, leading to its fragmentation."
1430s–1480s,Fracture of the Golden Horde,"Tatars, Mongols","Central Asia, Eastern Europe","The Golden Horde fragments into smaller khanates, including the Kazan Khanate, Crimean Khanate, and Astrakhan Khanate."
1480.0,Great Stand on the Ugra River,"Ivan III of Moscow, Golden Horde",Ugra River,"Ivan III refuses to pay tribute to the Golden Horde, effectively ending the ""Tatar Yoke"" over Russia and marking Russian independence."
1552.0,Conquest of the Kazan Khanate,"Ivan the Terrible, Tatars",Kazan,"Ivan IV (the Terrible) conquers the Kazan Khanate, incorporating it into the Russian Empire and expanding Russian influence in the Volga region."
1556.0,Conquest of the Astrakhan Khanate,Ivan the Terrible,Astrakhan,"Russia conquers the Astrakhan Khanate, further consolidating control over the Volga River region."
1475.0,Crimean Khanate becomes an Ottoman vassal,"Crimean Tatars, Ottomans",Crimea,The Crimean Khanate gains protection and support from the Ottoman Empire as a vassal state.
1571.0,Sack of Moscow by Crimean Tatars,"Devlet I Giray, Crimean Tatars",Moscow,"Devlet I Giray leads a raid that sacks Moscow, showcasing the continued military power of the Crimean Khanate."
17th Century,Raids by the Crimean Khanate,Crimean Tatars,Russian and Polish-Lithuanian territories,Frequent raids result in plundering resources and capturing slaves from neighboring regions.
1687–1689,Failed Russian campaigns against the Crimean Khanate,"Russian Empire, Crimean Tatars",Crimea,"Russia's attempts to subdue the Crimean Khanate fail, reflecting broader struggles against Ottoman influence in the region."
1735–1739,Russo-Turkish War,"Russia, Ottomans",Black Sea region,Russia challenges Ottoman and Crimean Tatar dominance in the Black Sea region during this conflict.
1774.0,Treaty of Küçük Kaynarca,"Russia, Ottomans",Küçük Kaynarca,Ends Ottoman suzerainty over the Crimean Khanate; Crimea becomes a Russian protectorate.
1783.0,Annexation of the Crimean Khanate,Catherine the Great,Crimea,"Catherine formally annexes Crimea, ending Tatar independence; many Tatars flee to Ottoman territories."
18th Century,Russian expansion into Caucasus and Central Asia,Russian Empire,"Caucasus, Central Asia",Russia incorporates Tatar and other Turkic peoples into its empire through territorial expansion.
19th Century,Russification policies under Russian rule,Tatars,"Crimea, Kazan, Siberia",The Russian Empire consolidates control over Tatar regions while enforcing Russification policies; Tatar culture and Islam persist.
1860s,Emergence of Tatar Jadidist movement,Muslim Tatars,Tatar regions,Advocates for modern education and cultural reform among Muslim Tatars under Russian rule.
1877–1878,Russo-Turkish War,"Russia, Ottomans","Balkans, Caucasus",Russia expands influence in these regions while weakening Ottoman control.
1917.0,Russian Revolution,Tatars,"Kazan, Crimea",Collapse of the Russian Empire leads to attempts by Tatars to establish independent states in Kazan and Crimea.
1920.0,Establishment of Tatar ASSR,Soviet Union,Volga region,The Tatar Autonomous Soviet Socialist Republic is created within the Soviet Union with limited autonomy for Volga Tatars.
1944.0,Deportation of Crimean Tatars,Stalin,Central Asia,"Stalin accuses Crimean Tatars of Nazi collaboration during WWII and forcibly deports them to Central Asia, nearly eradicating their presence in Crimea."
1950s–1980s,Repression of Tatars under Soviet rule,Soviet Union,USSR,"Despite repression, Tatar culture and identity persist in diaspora communities across Soviet territories."
1991.0,Post-Soviet revival of Tatar identity,Tatars,Tatarstan,Collapse of the Soviet Union allows for cultural and religious revival; Republic of Tatarstan gains significant autonomy within Russia.
2014.0,Annexation of Crimea by Russia,Crimean Tatars,Crimea,Russia's annexation leads to tensions with Crimean Tatars who largely oppose Russian rule.
21st Century,Modern Tatar identity,Tatars,Tatarstan,"Tatars maintain their language, culture, and Islamic traditions while playing a significant role in modern Russian society."
5th Century CE,Hata Clan settlement,Hata Clan,Japan,"The Hata Clan settles in Japan, introducing silk production and other cultural practices."
552–744 CE,Rise of Göktürk Khaganate,Göktürks,Central Asia,"The Göktürk Khaganate emerges, influencing Turkic and Mongolic tribes, including the Tatars."
8th Century CE,Emergence of Tatar Confederation,Tatars,Mongolian Plateau,The Tatar Confederation becomes one of the five major tribal confederations on the Mongolian Plateau.
744–840 CE,Uyghur Khaganate dominance,Uyghurs,Central Asia,"The Uyghur Khaganate dominates Central Asia, influencing the Tatars and other nomadic groups."
744–750 CE,Toquz Tatars' failed revolt,"Toquz Tatars, Sekiz-Oghuz",Central Asia,The Toquz Tatars ally with the Sekiz-Oghuz in a failed revolt against the Uyghur Khaganate.
750–1258 CE,Rise of Abbasid Caliphate,Abbasids,"Middle East, North Africa","The Abbasid Caliphate rises, facilitating trade and cultural exchanges across Eurasia."
1202 CE,Conquest of Tatar Confederation,"Genghis Khan, Tatars",Mongolian Plateau,"Genghis Khan conquers the Tatar Confederation, absorbing its people into the Mongol Empire."
1206–1368 CE,Mongol Empire expansion,Mongols,Eurasia,"The Mongol Empire becomes the largest contiguous empire in history, connecting East Asia, Central Asia, and Europe."
1185–1333 CE,Kamakura Shogunate establishment,Japanese,Japan,"The Kamakura Shogunate establishes a feudal system in Japan, influenced by continental migrations."
1934–1945,Fugu Plan,"Japanese, Jewish refugees",Japan,"Japan shows interest in Jewish refugees during WWII, known as the Fugu Plan."
1941–1945,The Holocaust,"Nazis, Jews",Europe,The Holocaust leads to the displacement and genocide of Jewish populations in Europe.
20th Century,Genetic research advancements,Various Eurasian populations,Eurasia,"Advances in genetic research reveal connections between Eurasian populations, including Turkic, Mongolic, and East Asian groups."
