Comprehensive Table of Messianic Figures Throughout History,,,,,,,,,,
Name,Year(s) (BCE/CE),Royal Lineage,Role/Title,Foreign?,Location(s),Religion/Sect,Source Texts,Main Accomplishments/Events,"Source Declaring as ""Messiah""",Metadata
Aaron,~1400 BCE,Tribe of Levi,First High Priest,No,Egypt/Sinai/Wilderness,Ancient Israelite,"Exodus, Leviticus",First anointed high priest; brother of Moses; spokesperson before Pharaoh,Exodus 40:13-15 (anointed as priest),Established hereditary priesthood; died at Mount Hor
Saul,~1050–1010 BCE,Tribe of Benjamin,First King of Israel,No,Israel,Ancient Israelite,1 Samuel 9–31,Anointed by Samuel; united tribes; lost favor with God,"1 Samuel 10:1, 24:6 (mashiach)",Committed suicide after defeat by Philistines; height noted in texts
David,~1010–970 BCE,Tribe of Judah,"King of Israel, Messiah archetype",No,Israel/Judah,Ancient Israelite,1 Samuel 16–1 Kings 2; Psalms,Defeated Goliath; united monarchy; established Jerusalem,"1 Samuel 16:13, 2 Samuel 23:1, Psalm 18:50 (mashiach)",Considered Israel's greatest king; musician; poet; warrior
Solomon,~970–931 BCE,Son of David (Judah),King of Israel,No,Israel/Judah,Ancient Israelite,1 Kings 1–11; 2 Chronicles 1–9,Built First Temple; renowned for wisdom and wealth,1 Chronicles 29:22 (anointed as king),Known for 700 wives and 300 concubines; author of Proverbs
Elisha,~850 BCE,Non-royal,Prophet,No,Northern Israel,Ancient Israelite,"1 Kings 19, 2 Kings 2-13",Successor to Elijah; performed miracles; advised kings,1 Kings 19:16 (anointed as prophet),Performed twice as many recorded miracles as Elijah
Jehu,~841–814 BCE,Not Davidic,King of Israel (anointed),No,Northern Israel,Ancient Israelite,2 Kings 9–10,Anointed by Elisha; overthrew house of Ahab; purged Baal worship,2 Kings 9:6 (mashiach),Known for violent purge of Ahab's descendants and Baal worshippers
Joash/Jehoash,~835-796 BCE,Davidic (Judah),King of Judah,No,Judah,Ancient Israelite,2 Kings 11-12; 2 Chronicles 22-24,Hidden as child; restored proper temple worship,2 Kings 11:12 (anointed as king),Assassinated by his officials after 40-year reign
Josiah,~640–609 BCE,Davidic (Judah),"King of Judah, reformer",No,Judah,Ancient Israelite,2 Kings 22–23; 2 Chron. 34–35,Religious reforms; rediscovered the Law; centralized worship,"Anointed as king, not directly called ""messiah"" in text",Killed in battle against Pharaoh Necho; reformer at age 16
Cyrus the Great,559–530 BCE,Achaemenid dynasty,"King of Persia, ""anointed""",Yes,Persia/Babylon,Zoroastrian,Isaiah 44:28–45:1; Ezra 1,Conquered Babylon; decreed return of Jews; rebuilt Temple,Isaiah 45:1 (mashiach),"Only non-Jewish ruler explicitly called ""messiah"" in Hebrew Bible"
Zerubbabel,~538–520 BCE,Davidic (descendant),"Governor of Judah, messianic hope",No,Judah/Jerusalem,Post-exilic Judaism,Ezra 2–5; Haggai; Zechariah 4,Led return from exile; began rebuilding Second Temple,"Haggai 2:23 (chosen/anointed, messianic expectation)",Object of significant messianic expectations; disappears from historical record
Joshua (son of Jehozadak),~538–515 BCE,Priestly (Aaronic),"High Priest, anointed leader",No,Judah/Jerusalem,Post-exilic Judaism,Haggai 1–2; Zechariah 3,Reestablished priesthood; helped rebuild Temple,"Zechariah 3:8 (servant/branch, messianic language)",Worked alongside Zerubbabel; symbolically crowned in prophetic act
Darius I,522–486 BCE,Achaemenid dynasty,"King of Persia, restorer",Yes,Persia/Babylon,Zoroastrian,Ezra 4:24–6:15; Haggai 1:1,Authorized completion of Second Temple,"Not called ""messiah"" in text",Created efficient bureaucracy; expanded Persian Empire
Onias III,~185-175 BCE,Zadokite,High Priest,No,Jerusalem,Second Temple Judaism,2 Maccabees 3-4; Daniel 9:26 (possibly),Last legitimate high priest before Antiochus' interventions,"Possibly referenced in Daniel 9:26 as ""anointed one cut off""",Murdered in exile; considered righteous defender of Jewish law
Judas Maccabeus,167-160 BCE,Hasmonean,"Military leader, High Priest",No,Judea,Hasmonean Judaism,1 & 2 Maccabees,Led successful revolt against Seleucids; rededicated Temple,Not explicitly called messiah but viewed as deliverer,Military genius; established Hanukkah; died in battle
John Hyrcanus,134-104 BCE,Hasmonean,"High Priest, ruler",No,Judea,Hasmonean Judaism,Josephus' Antiquities; 1 Maccabees,Expanded Jewish territory; forcibly converted Idumeans,Some Essenes initially viewed him as messianic figure,Combined religious and political authority; broke with Pharisees
Menahem the Essene,Early 1st century CE,Unknown,Essene teacher,No,Judea,Essene Judaism,Josephus; Dead Sea Scrolls (possibly),Prophetic figure; respected teacher,Possibly referenced in some Qumran texts as messianic figure,Limited historical information available
Jesus of Nazareth,~4 BCE–30 CE,Davidic (claimed via genealogies),"Messiah/Christ, King, Priest",No,Galilee/Judea,Judaism → Christianity,Gospels (NT); Acts; Pauline Epistles,Preached Kingdom of God; crucified; resurrection (Christian belief),"Explicitly called ""Messiah/Christ"" in NT (e.g., John 1:41, 4:25; Matt 1:1)",Central figure of Christianity; taught love of God and neighbor; performed miracles according to texts
Theudas,~44-46 CE,Unknown,"Prophet, messianic claimant",No,Judea,Judaean apocalyptic sect,Acts 5:36; Josephus' Antiquities 20.5.1,Led followers to Jordan River; promised to part waters,Josephus describes him as claiming prophetic/messianic powers,Beheaded by Romans; followers scattered
"""The Egyptian""",~55-58 CE,Unknown,"Prophet, revolutionary",Yes,Egypt/Judea,Egyptian-Jewish sect,Acts 21:38; Josephus' Antiquities 20.8.6,Led followers to Mount of Olives; claimed walls would fall,Josephus indicates messianic claims,"Led 4,000-30,000 followers; fate unknown after Roman attack"
John the Baptist,~30 CE,Priestly (Aaronic),"Prophet, forerunner",No,Judea/Jordan River,Baptizing Jewish sect,Gospels; Josephus' Antiquities,Baptized for repentance; announced coming messiah,"Not self-identified as messiah, but questioned as such (John 1:19-28)",Beheaded by Herod Antipas; considered Jesus' precursor
Menahem ben Judah,~66 CE,Claimed Davidic,Revolutionary leader,No,Galilee/Jerusalem,Zealot/Sicarii Judaism,Josephus' Jewish War 2.17.8-9,Early leader in Great Jewish Revolt; briefly controlled Jerusalem,Josephus suggests messianic pretensions,Son of Judas the Galilean; killed by rival Jewish faction
Simon bar Giora,~66-70 CE,Unknown,Revolutionary leader,No,Judea,Zealot Judaism,Josephus' Jewish War,Controlled parts of Jerusalem during siege; led rebel faction,Some followers likely viewed him as messianic,Captured by Romans; executed in Rome after Temple's destruction
Simon bar Kokhba,132–135 CE,Claimed Davidic,"Leader of Jewish revolt, messiah claimant",No,Judea,Rabbinic Judaism,Talmud (y. Ta'anit 4:8); Eusebius; archaeological letters,Led Bar Kokhba revolt; briefly established independent state,"Talmud (Rabbi Akiva: ""This is the King Messiah"")","Name means ""Son of the Star"" (reference to Numbers 24:17); crushed by Romans"
Moses of Crete,~440-470 CE,Unknown,Self-proclaimed Moses reborn,No,Crete,Jewish messianic sect,Socrates Scholasticus' Historia Ecclesiastica,Convinced Jews to walk into sea expecting it to part,Contemporary sources note messianic claims,Disappeared after failed miracle; followers drowned
Abu Isa al-Isfahani,~700-755 CE,Claimed prophetic descent,"Prophet, messianic precursor",No,Persia,Islamic-Jewish sect,Jewish chronicles; Islamic heresiographies,Led Jewish revolt against Umayyads; claimed to be forerunner,Self-proclaimed prophet and messianic harbinger,Founded Isawiyya sect; believed in modified Jewish practices
David Alroy,~1147 CE,Claimed Davidic,"Military leader, messiah claimant",No,Kurdistan/Persia,Rabbinic Judaism,Benjamin of Tudela; Maimonides,Led Kurdish Jewish rebellion against Seljuks,Self-proclaimed messiah; followers considered him such,"Mysterious death; inspired Disraeli's novel ""Alroy"""
Abraham Abulafia,1240-~1291 CE,Claimed prophetic authority,"Kabbalist, mystic",No,Spain/Italy/Sicily,Ecstatic Kabbalah,His own numerous writings,Developed system of meditative Kabbalah; attempted to convert Pope,Self-proclamation in various writings,Combined Jewish mysticism with prophetic/messianic claims
Shabbetai Zevi,1626-1676 CE,Claimed Davidic,Self-proclaimed messiah,No,Ottoman Empire (Turkey/Greece),Kabbalistic Judaism → Sabbateanism,Nathan of Gaza's writings; contemporary accounts,Massive following; later converted to Islam under pressure,Self-proclaimed; Nathan of Gaza as prophet,Largest Jewish messianic movement until modern times; continued as secret sect after conversion
Jacob Frank,1726-1791 CE,Claimed to be Shabbetai Zevi reincarnated,Self-proclaimed messiah,No,Poland/Austria/Turkey,Frankism (Jewish-Christian syncretic),Polish court records; follower accounts,Led mass conversion of Jews to Christianity; antinomian practices,Self-proclaimed; claimed to complete Shabbetai Zevi's mission,Controversial sexual practices; daughter Eva continued movement
Menachem Mendel Schneerson,1902-1994 CE,Claimed descent from David via Maharal of Prague,Lubavitcher Rebbe,No,Russia/USA,Chabad Hasidic Judaism,His writings; follower accounts,Transformed Chabad into global movement; outreach programs,Never self-proclaimed; declared by some followers,Some followers still expect his revelation as messiah or resurrection
