Date,Name/Location,Region,Notes,Type,Dynasty/Ruler,Notes,,,,,,,,,,,,,,,,,,,
750 CE,Martand Sun Temple,Hindu,Kashmir,Temple,,Monumental ruins,,,,,,,,,,,,,,,,,,,
480 BCE,Rajagriha Stupa,Buddhist,Bihar,Stupa,Various Mahajanapadas,One of original 8 Buddha relic stupas.,,,,,,,,,,,,,,,,,,,
480 BCE,Vaishali Stupa,Buddhist,Bihar,Stupa,Various Mahajanapadas,Original relic stupa.,,,,,,,,,,,,,,,,,,,
480 BCE,Kapilavastu Stupa,Buddhist,Nepal/UP,Stupa,Shakya,Original relic stupa.,,,,,,,,,,,,,,,,,,,
480 BCE,Allakappa Stupa,Buddhist,Bihar,Stupa,Malla,Original relic stupa.,,,,,,,,,,,,,,,,,,,
480 BCE,Ramagrama Stupa,Buddhist,Nepal,Stupa,Koliya,Only original stupa not opened by Ashoka.,,,,,,,,,,,,,,,,,,,
480 BCE,Pava Stupa,Buddhist,Bihar,Stupa,Malla,Original relic stupa.,,,,,,,,,,,,,,,,,,,
480 BCE,Kushinagar Stupa,Buddhist,UP,Stupa,Malla,Original relic stupa.,,,,,,,,,,,,,,,,,,,
480 BCE,Vethapida Stupa,Buddhist,Location Unclear,Stupa,Unknown,Original relic stupa.,,,,,,,,,,,,,,,,,,,
350 BCE,Piprahwa Stupa,Buddhist,UP,Stupa,Unknown,"Early stupa, possibly original site.",,,,,,,,,,,,,,,,,,,
300 BCE,Shravanabelagola,Jain,"Karnataka, India","Monastery, statue",Maurya (Chandragupta),"Site of Chandragupta Maurya's last years, giant Gommateshwara statue.",,,,,,,,,,,,,,,,,,,
280 BCE,Ai-Khanoum,"Greek, Buddhist",Bactria,"City, Temples",,Hellenistic-Buddhist syncretism,,,,,,,,,,,,,,,,,,,
250 BCE,Dharmarajika Stupa,Buddhist,"Gandhara, Pakistan (Taxila)",Stupa,Maurya/Ashoka,Built by Ashoka in Taxila.,,,,,,,,,,,,,,,,,,,
250 BCE,Nigali Sagar Stupa,Buddhist,Nepal,Stupa,Maurya/Ashoka,Ashoka enlarged this stupa.,,,,,,,,,,,,,,,,,,,
250 BCE,Sanchi Stupa No. 1,Buddhist,MP,Stupa,Maurya/Ashoka,"Built by Ashoka, elaborated later.",,,,,,,,,,,,,,,,,,,
250 BCE,Shahbaz Garhi,Buddhist,"Mardan, Khyber-Pakhtunkhwa","Rock edicts, stupa",Mauryan (Ashoka),Ashokan rock edicts in Kharosthi script.,,,,,,,,,,,,,,,,,,,
200 BCE,"Sirkap, Taxila","Greek, Buddhist, Hindu, Jain",Gandhara,"City, Temples",,"Urban planning, multi-religious",,,,,,,,,,,,,,,,,,,
200 BCE,Barikot,"Buddhist, Hindu",Gandhara,"City, Temples, Stupas",,"Fortified, multi-phase",,,,,,,,,,,,,,,,,,,
200 BCE,Amaravati Stupa,Buddhist,Andhra Pradesh,Stupa,Satavahana,"Major southern stupa, expanded over centuries.",,,,,,,,,,,,,,,,,,,
200 BCE,Udayagiri-Khandagiri Caves,Jain,"Bhubaneswar, Odisha, India","Caves, monastery",Kharavela (Mahameghavahana),"Rock-cut caves for Jain monks, inscriptions.",,,,,,,,,,,,,,,,,,,
150 BCE,"Amluk-Dara Stupa, Swat",Buddhist,Gandhara,Stupa,,"Large, visible for miles",,,,,,,,,,,,,,,,,,,
150 BCE,Barikot,Buddhist,"Swat Valley, Pakistan","Temple, stupa","Indo-Greek, Mauryan, Kushan","Multi-phase Buddhist temple, among oldest in region.",,,,,,,,,,,,,,,,,,,
150 BCE,"Butkara Stupa, Swat",Buddhist,Gandhara,Stupa,,Hellenistic influence,,,,,,,,,,,,,,,,,,,
125 BCE,Sanchi Stupa No. 2,Buddhist,MP,Stupa,Shunga/Satavahana,Earliest decorated stupa.,,,,,,,,,,,,,,,,,,,
115 BCE,Bharhut Stupa,Buddhist,MP,Stupa,Shunga,Noted for sculptural railings.,,,,,,,,,,,,,,,,,,,
100 BCE,Sanchi Stupa No. 3,Buddhist,MP,Stupa,Shunga/Satavahana,Contains relics of Sariputta & Mahamougalayana.,,,,,,,,,,,,,,,,,,,
100 BCE,Jamal Garhi,Buddhist,Gandhara,"Monastery, Stupa",,Rich sculpture,,,,,,,,,,,,,,,,,,,
100 BCE,Takht-i-Bahi,Gandhara,"Monastery, Stupa",Buddhist,"Monumental, UNESCO World Heritage Site",,,,,,,,,,,,,,,,,,,,
100 BCE,Samanar Malai,Jain,"Near Madurai, Tamil Nadu","Caves, monuments",Early historic,Ancient Jain caves and inscriptions.,,,,,,,,,,,,,,,,,,,
60 BCE,Bodh Gaya Stupa,Buddhist,Bihar,Stupa,Shunga/Satavahana,"Decorated stupa, site of Buddha's enlightenment.",,,,,,,,,,,,,,,,,,,
50 BCE,Mathura (Kankali Tila),Jain,"Uttar Pradesh, India","Stupa, ayagapatas","Shunga, Kushan","Jain stupa, reliefs showing stupa design.",,,,,,,,,,,,,,,,,,,
1st–3rd c. CE,"Termez (Fayaz Tepe, Kara Tepe)",Buddhist,Bactria,"Monasteries, Stupas",,Major Buddhist center,,,,,,,,,,,,,,,,,,,
100 CE,Takht Bhai,Buddhist,"Mardan, Khyber-Pakhtunkhwa","Monastery, stupa",Kushan,"Major monastic complex, UNESCO World Heritage Site.",,,,,,,,,,,,,,,,,,,
100 CE,Sehri-Bahlol,Buddhist,"Mardan, Khyber-Pakhtunkhwa","Monastery, stupa",Kushan,Well-preserved monastic ruins.,,,,,,,,,,,,,,,,,,,
150 CE,Loriyan Tangai Stupas,Buddhist,Pakistan,Stupa,Kushan,"Gandhara region, rich decoration.",,,,,,,,,,,,,,,,,,,
150 CE,Peshawar (Kanishka Stupa),Buddhist,"Peshawar, Pakistan",Stupa,Kushan (Kanishka I),"Legendary 13-storey stupa, described by Chinese pilgrims.",,,,,,,,,,,,,,,,,,,
3rd c. CE,Anzhina-Tepe,Buddhist,Bactria,Archaeological Site,,Kharosthi inscriptions,,,,,,,,,,,,,,,,,,,
200 CE,"Barikot ""Street of Temples""",Buddhist,"Swat Valley, Pakistan","Temples, stupas","Indo-Greek, Kushan",Multiple sanctuaries along main road.,,,,,,,,,,,,,,,,,,,
250 CE,Nagarjunakonda Stupas,Buddhist,Andhra Pradesh,Stupa,Ikshvaku,Major Buddhist center.,,,,,,,,,,,,,,,,,,,
300 CE,Bamiyan,Buddhist,"Bamiyan, Afghanistan","Monastery, giant Buddhas","Kushan, Hephthalite, Sassanian","Two colossal Buddha statues (destroyed in 2001), cave monasteries.",,,,,,,,,,,,,,,,,,,
400 CE,"Murti, near Choa Saidan Shah",Jain,"Punjab, Pakistan",Temple (ruins),5th c. CE,Sculptural remains in Lahore Museum.,,,,,,,,,,,,,,,,,,,
500 CE,Gilgit,Buddhist,"Gilgit-Baltistan, Pakistan","Manuscripts, monastery","Kushan, later","Sarvastivadin Buddhist texts, monasteries.",,,,,,,,,,,,,,,,,,,
500 CE,Harwan Monastery,Buddhist,Kashmir,Monastery,,Terracotta tiles,,,,,,,,,,,,,,,,,,,
700 CE,Parihaspora,"Buddhist, Hindu",Kashmir,"City, Temples, Stupas",,Ancient capital,,,,,,,,,,,,,,,,,,,
1200 CE,Nagarparkar Jain Temples,Jain,"Nagarparkar, Sindh, Pakistan","Temples, stupa",12th–15th c. CE,Cluster of exquisitely carved Jain temples.,,,,,,,,,,,,,,,,,,,
1800 CE,"Jain Temple, Thari Bhabrian",Jain,"Lahore, Punjab, Pakistan",Temple,19th c. CE,"Surviving structure, now repurposed.",,,,,,,,,,,,,,,,,,,
1800 CE,"Jain Digambar Temple, Old Anarkali",Jain,"Lahore, Punjab, Pakistan",Temple,19th c. CE,"Destroyed in 1992 riots, now an Islamic school.",,,,,,,,,,,,,,,,,,,
1800 CE,Sadh Belo,Mixed,"Sukkur, Sindh, Pakistan",Temple complex,19th c. CE,Hindu and Jain shrines.,,,,,,,,,,,,,,,,,,,
,,,,,,,,,,,,,,,,,,,,,,,,,
Continued Buddhst and Jain Sites without dates,,,,,,,,,,,,,,,,,,,,,,,,,
Dating,Site Name,Religion,Location,Type,Period,Description,,,,,,,,,,,,,,,,,,,
Unknown,"Viravah, Sindh",Jain,"Sindh, Pakistan",Temple (ruins),Ancient,Described in early surveys.,,,,,,,,,,,,,,,,,,,
Unknown,"Gori, Sindh",Jain,"Sindh, Pakistan",Temple (ruins),Ancient,Early Jain remains.,,,,,,,,,,,,,,,,,,,
Unknown,"Jain Stupa, Sindh",Jain,"Sindh, Pakistan",Stupa,Ancient,Rare Jain stupa.,,,,,,,,,,,,,,,,,,,
Various,Bala Hisar Fort,Buddhist,"Peshawar, Pakistan","Fort, monastery",Various,Archaeological layers include Buddhist occupation.,,,,,,,,,,,,,,,,,,,
Various,Gandhara,Buddhist,"NW Pakistan, NE Afghanistan","Region, multiple",Mauryan–Kushan (3rd c. BCE–5th c. CE),Center of Greco-Buddhist art and learning.,,,,,,,,,,,,,,,,,,,
Various,Udyana,Buddhist,"Swat, Pakistan","Region, monasteries","Kushan, later (1st–5th c. CE)","Fabled Buddhist land, many sites.",,,,,,,,,,,,,,,,,,,
Various,Kabul,Buddhist/Jain,"Kabul, Afghanistan","Monastery, statues","Kushan, later (3rd–7th c. CE)","Buddhist monasteries, Jain statues found.",,,,,,,,,,,,,,,,,,,
Various,Chakdara,Buddhist,"Lower Dir, Khyber-Pakhtunkhwa","Monastery, stupa","Kushan, later (1st–5th c. CE)",Buddhist remains.,,,,,,,,,,,,,,,,,,,
Various,"Ayodhya, Rajgir, Vaishali, Pava, etc.",Buddhist,"Bihar/UP, India","Stupas, monasteries",Various (5th c. BCE onward),Original Buddha relic stupas and early monastic sites.,,,,,,,,,,,,,,,,,,,
Various,"Taxila (Dharmarajika, Jaulian, Mohra Moradu, Sirkap, etc.)",Buddhist,"Taxila, Punjab, Pakistan","Monasteries, stupas, temples","Mauryan, Indo-Greek, Kushan (3rd c. BCE–5th c. CE)",Major ancient university and Buddhist center.,,,,,,,,,,,,,,,,,,,
,,,,,,,,,,,,,,,,,,,,,,,,,
Jewish Sites,,,,,,,,,,,,,,,,,,,,,,,,,
Date,Name/Location,Religion,Region,Type,Dynasty/Ruler,Notes,,,,,,,,,,,,,,,,,,,
ca. 50 BCE,Modi'in (Umm el-Umdan),Jewish,"Shephelah, Judaea",Synagogue,Hasmonean,Early synagogue with adjacent mikveh; continuous use until 132 CE.,,,,,,,,,,,,,,,,,,,
ca. 50 BCE,"Wadi Qelt Synagogue, Tulul Abu el-Alayiq",Jewish,"Near Jericho, Judaea",Synagogue,Hasmonean,Strongly contested identification; destroyed by earthquake.,,,,,,,,,,,,,,,,,,,
ca. 50 BCE,Gamla,Jewish,Golan Heights,Synagogue,Hasmonean,Among earliest known synagogues; destroyed during Jewish Revolt.,,,,,,,,,,,,,,,,,,,
ca. 50 BCE,Modi'in Illit (Khirbet Badd 'Isa),Jewish,"Shephelah, Judaea",Synagogue,Hasmonean,Less published than Umm el-Umdan; near modern Modi'in.,,,,,,,,,,,,,,,,,,,
ca. 30 BCE,Masada,Jewish,Judaean Desert,Synagogue,Herodian,Used by Sicarii during siege; includes genizah.,,,,,,,,,,,,,,,,,,,
ca. 20 BCE,Theodotus Synagogue (City of David/Silwan),Jewish,Jerusalem,Synagogue,Herodian,Known from inscription; provided hostel for pilgrims.,,,,,,,,,,,,,,,,,,,
ca. 30 CE,Capernaum (basalt synagogue),Jewish,Galilee,Synagogue,Roman,Foundation of synagogue where Jesus preached; later white synagogue built above.,,,,,,,,,,,,,,,,,,,
ca. 30 CE,Migdal Synagogue (Magdala),Jewish,Galilee,Synagogue,Roman,Discovered 2009; another 1st-century synagogue found nearby in 2021.,,,,,,,,,,,,,,,,,,,
ca. 50 CE,Khirbet Wadi Hamam (Nahal Arbel),Jewish,Galilee,Synagogue,Roman,"Excavated 2007–2012; near Hamaam, Israel.",,,,,,,,,,,,,,,,,,,
ca. 50 CE,Tel Rekhesh/Tell el-Mukharkhash,Jewish,"Tabor Valley, Galilee",Synagogue,Roman,"""First rural synagogue"" of the period; at Jewish farmstead.",,,,,,,,,,,,,,,,,,,
ca. 150 CE,Catacombs of Praetextatus,Christian,"Rome, Italy",Catacomb,Roman,"Built end of 2nd century; later Christian use, houses martyrs’ tombs.",,,,,,,,,,,,,,,,,,,
ca. 150 CE,Catacombs of San Callisto,Christian,"Rome, Italy",Catacomb,Roman,"Built after 150 CE; major official cemetery for Roman Church, 16 popes buried.",,,,,,,,,,,,,,,,,,,
ca. 180 CE,Catacombs of Priscilla,Christian,"Rome, Italy",Catacomb,Roman,Expanded from family crypt; contains early Christian art.,,,,,,,,,,,,,,,,,,,
ca. 250 CE,Catacombs of San Sebastiano,Christian,"Rome, Italy",Catacomb,Roman,Burial site of St. Sebastian and other martyrs; major pilgrimage site.,,,,,,,,,,,,,,,,,,,
ca. 300 CE,Catacombs of Commodilla,Christian,"Rome, Italy",Catacomb,Roman,Contains early image of bearded Christ; relics of Saints Felix and Adauctus.,,,,,,,,,,,,,,,,,,,
ca. 300 CE,Catacombs of Generosa,Christian,"Rome, Italy",Catacomb,Roman,"Resting place of Simplicius, Faustinus, and Beatrix, martyrs of Diocletian persecution.",,,,,,,,,,,,,,,,,,,
ca. 300 CE,Catacombs of San Lorenzo,Christian,"Rome, Italy",Catacomb/Church,Roman,Burial site of St. Lawrence; church later built above.,,,,,,,,,,,,,,,,,,,
ca. 300 CE,Kfar Baram Synagogue,Jewish,"Galilee, Israel",Synagogue,Roman,One of Israel’s oldest synagogues; remains visible today.,,,,,,,,,,,,,,,,,,,
ca. 400 CE,Beth Alpha Synagogue,Jewish,"Gilboa, Israel",Synagogue,Byzantine,Rich mosaics; prayer hall facing Jerusalem.,,,,,,,,,,,,,,,,,,,
ca. 400 CE,Capernaum (white synagogue),Jewish,Galilee,Synagogue,Byzantine,Built above earlier basalt synagogue; elaborate construction.,,,,,,,,,,,,,,,,,,,
ca. 400 CE,Anim Synagogue,Jewish,"Negev, Israel",Synagogue,Byzantine,"Excavated 1987; prayer hall, portico, courtyard, mosaic evidence.",,,,,,,,,,,,,,,,,,,
ca. 500 CE,Church of St. Agnes,Christian,"Rome, Italy",Church,Roman/Byzantine,Built over St. Agnes’ burial site; rebuilt in 7th century.,,,,,,,,,,,,,,,,,,,
ca. 550 CE,Arbel Synagogue,Jewish,"Galilee, Israel",Synagogue,Byzantine,Remains include prayer hall and stone benches.,,,,,,,,,,,,,,,,,,,
,,,,,,,,,,,,,,,,,,,,,,,,,
🌞 Solar Temples & Monuments,,,,,,,,,,,,,,,,,,,,,,,,,
Date,Name/Location,Religion,Region,Type,Dynasty/Ruler,Notes,,,,,,,,,,,,,,,,,,,
2600 BCE,Sun Temple of Niuserre,Egyptian,"Abusir, Egypt",Temple,Fifth Dynasty,Dedicated to Ra; monumental ruins.,,,,,,,,,,,,,,,,,,,
1250 BCE,Temple of Karnak,Egyptian,"Thebes, Egypt",Temple Complex,New Kingdom,Major religious center; aligned with solar events.,,,,,,,,,,,,,,,,,,,
1050 BCE,Temple of Amun-Ra,Egyptian,"Karnak, Egypt",Temple,21st Dynasty,Central to Egyptian solar worship.,,,,,,,,,,,,,,,,,,,
1000 BCE,Temple of Ra-Horakhty,Egyptian,"Heliopolis, Egypt",Temple,Late Period,Dedicated to the sun god Ra.,,,,,,,,,,,,,,,,,,,
300 BCE,Konark Sun Temple,Hindu,"Odisha, India",Temple,Eastern Ganga Dynasty,Known for its chariot wheel design; UNESCO World Heritage Site.,,,,,,,,,,,,,,,,,,,
1000 CE,Surya Mandir,Hindu,"Arasavalli, India",Temple,Eastern Chalukya Dynasty,One of the oldest Surya temples in India.,,,,,,,,,,,,,,,,,,,
12th c. CE,Modhera Sun Temple,Hindu,"Gujarat, India",Temple Complex,Solanki Dynasty,Renowned for its architectural alignment with the sun.,,,,,,,,,,,,,,,,,,,
4th c. CE,Sun Temple of Abu Ghosh,Jewish,"Abu Ghosh, Israel",Temple,Byzantine Empire,Associated with solar worship; Byzantine period.,,,,,,,,,,,,,,,,,,,
,,,,,,,,,,,,,,,,,,,,,,,,,
Summary Table: Key Religious Site Types with Numeric Dates,,,,,,,,,,,,,,,,,,,,,,,,,
Tradition,Date Range (BCE/CE),Site Types,Notable Locations/Examples,,,,,,,,,,,,,,,,,,,,,,
Median,800–600 BCE,"Open-air altars, fire cult sites",NW Iran (general),,,,,,,,,,,,,,,,,,,,,,
Saka-Scythian,700 BCE–100 CE,"Kurgans (burial mounds), fire altars, petroglyph sanctuaries","Issyk, Shilikty, Cholpon-Ata",,,,,,,,,,,,,,,,,,,,,,
Mazdaism/Zoroastrian,550 BCE–present,"Fire temples (Atashkadeh), chahartaq, Towers of Silence, mountain shrines","Yazd, Kashmar, Isfahan, Neyasar, Pir-e Sabz",,,,,,,,,,,,,,,,,,,,,,
Manichaean,250–700 CE,"Temples, monasteries (few remains)","Ctesiphon, Babylon, Samarkand (lost sites)",,,,,,,,,,,,,,,,,,,,,,
,,,,,,,,,,,,,,,,,,,,,,,,,
Mithraea,,,,,,,,,,,,,,,,,,,,,,,,,
Date,Name/Location,Region,Notes/Details,Main Source(s),,,,,,,,,,,,,,,,,,,,,
148CE,Caesarea Maritima Mithraeum,"Caesarea, Israel",Earliest dateable Mithraeum outside Italy; archaeological and inscriptional evidence.,1.0,,,,,,,,,,,,,,,,,,,,,
150CE–250CE,"Mithraeum of the Baths of Mithras (Terme del Mitra) (I,XVII,2)","Ostia Antica, Italy","Located in baths complex; painted landscapes, truncated tufa pyramids (symbolizing Mithras’ birth from rock), bull-slaying statue in situ.",Coarelli 1983; De Maria 1997,,,,,,,,,,,,,,,,,,,,,
150CE–250CE,"Mithraeum of the Painted Walls (Mitreo delle Pareti Dipinte) (III,I,6)","Ostia Antica, Italy",Known for well-preserved painted wall decorations; late 2nd century CE construction/modifications.,De Maria 1997; Turcan 1996,,,,,,,,,,,,,,,,,,,,,
150CE–250CE,"Mithraeum of the Animals (Mitreo degli Animali) (IV,II,11)","Ostia Antica, Italy","Mosaic depicting naked man, cock, raven, scorpion, snake, bull’s head; symbolic animals in Mithraic iconography.",De Maria 1997,,,,,,,,,,,,,,,,,,,,,
150CE–250CE,"Mithraeum of the Seven Gates (Mitreo delle Sette Porte) (IV,V,13)","Ostia Antica, Italy",Mosaic floor with seven gates symbolizing the seven planetary spheres/initiation grades of Mithraism.,Turcan 1996; Beck 2006,,,,,,,,,,,,,,,,,,,,,
150CE–250CE,"Mithraeum of the Seven Spheres (Mitreo delle Sette Sfere) (II,VIII,6)","Ostia Antica, Italy","Black-and-white mosaics of planets, zodiac signs, and Mithraic initiation symbols; key for understanding Mithraic cosmology.",Beck 2006; De Maria 1997,,,,,,,,,,,,,,,,,,,,,
150CE–250CE,"Mithraeum of Felicissimus (V,IX,1)","Ostia Antica, Italy","Mosaic depicting Mithraic grades; inscription mentioning Felicissimus, a Mithraic initiate.",Turcan 1996; De Maria 1997,,,,,,,,,,,,,,,,,,,,,
150CE–250CE,"Mithraeum of the Footprint (Mitreo dell’Impronta) (III,XVII,2)","Ostia Antica, Italy",Named for a footprint impression found in situ; details limited but typical Mithraic layout.,De Maria 1997,,,,,,,,,,,,,,,,,,,,,
150CE–250CE,"Mithraeum of the House of Diana (Mitreo della Casa di Diana) (I,III,3-4)","Ostia Antica, Italy",Located inside the House of Diana; typical Mithraic features and layout.,De Maria 1997,,,,,,,,,,,,,,,,,,,,,
150CE–250CE,"Mithraeum of Lucretius Menander (Mitreo di Lucrezio Menandro) (I,III,5)","Ostia Antica, Italy",Located in the House of Lucretius Menander; typical Mithraic iconography and layout.,De Maria 1997,,,,,,,,,,,,,,,,,,,,,
150CE–250CE,"Mithraeum of Fructosus (Mitreo di Fructosus) (I,X,4)","Ostia Antica, Italy",Associated with guild of stuppatores (mat-makers); shrine adapted from earlier structure.,Turcan 1996,,,,,,,,,,,,,,,,,,,,,
150CE–250CE,Mithraeum of the Imperial Palace (Mitreo del Palazzo Imperiale),"Ostia Antica, Italy",Located in the Imperial Palace complex; reflects elite patronage of Mithraism.,De Maria 1997,,,,,,,,,,,,,,,,,,,,,
150CE–250CE,Mithraeum “Fagan”,"Ostia Antica, Italy",Discovered in 20th century; details limited; typical Mithraic cult features.,De Maria 1997,,,,,,,,,,,,,,,,,,,,,
150CE–250CE,Mithraeum of the Seven Gates (alternative site),"Ostia Antica, Italy",Sometimes counted separately due to mosaic complexity; emphasizes Mithraic initiation symbolism.,Beck 2006,,,,,,,,,,,,,,,,,,,,,
150CE–250CE,Additional small Mithraea (various minor locations),"Ostia Antica, Italy",Archaeological evidence of smaller or fragmentary mithraea scattered in Ostia’s urban fabric.,De Maria 1997,,,,,,,,,,,,,,,,,,,,,
150CE–300CE,Tienen Mithraeum,"Tienen, Belgium",Well-preserved; features tauroctony relief and ritual artifacts.,1.0,,,,,,,,,,,,,,,,,,,,,
2nd–3rd c. CE,Mithraeum of Carrawburgh,"Hadrian's Wall, UK",Located along Hadrian's Wall; features Mithras slaying the bull.,Mithraeum,Roman Empire,,,,,,,,,,,,,,,,,,,,
200CE–300CE,Jajce Mithraeum,"Jajce, Bosnia",Noted for its tauroctony relief; one of the best-preserved in the Balkans.,1.0,,,,,,,,,,,,,,,,,,,,,
200CE–300CE,Konjic Mithraeum,"Konjic, Bosnia",Discovered near the Neretva River; typical Mithraic layout.,1.0,,,,,,,,,,,,,,,,,,,,,
150CE–300CE,Alexandria Mithraeum,"Alexandria, Egypt","Archaeological evidence and papyri referencing Mithraic cult (e.g., P. Oxy. 1802); papyri detail initiatory rites.",1.0,,,,,,,,,,,,,,,,,,,,,
150CE–300CE,Memphis Mithraeum,"Memphis, Egypt",Archaeological and papyrological evidence; P. Oxy. 1802 and related texts.,1.0,,,,,,,,,,,,,,,,,,,,,
150CE–300CE,Oxyrhynchus Mithraeum,"Oxyrhynchus, Egypt","Papyri evidence (notably P. Oxy. 1802) describes Mithraic rituals, grades, and possibly liturgy.",1.0,,,,,,,,,,,,,,,,,,,,,
150CE–300CE,Hermopolis Mithraeum,"Hermopolis, Egypt","Archaeological remains; no specific papyri cited, but cult presence attested.",1.0,,,,,,,,,,,,,,,,,,,,,
200CE–300CE,Angers Mithraeum,"Angers, France",Archaeological site; typical Mithraic iconography.,1.0,,,,,,,,,,,,,,,,,,,,,
200CE–300CE,Biesheim Mithraeum,"Biesheim, France",Well-preserved; features tauroctony and dedications.,1.0,,,,,,,,,,,,,,,,,,,,,
200CE–300CE,Mackwiller Mithraeum,"Mackwiller, France",Noted for its reliefs and inscriptions.,1.0,,,,,,,,,,,,,,,,,,,,,
200CE–300CE,Mariana Mithraeum,"Mariana, France",Archaeological site; details limited.,1.0,,,,,,,,,,,,,,,,,,,,,
200CE–300CE,Sarrebourg Mithraeum,"Sarrebourg, France",Archaeological site; typical Mithraic features.,1.0,,,,,,,,,,,,,,,,,,,,,
200CE–300CE,Strasbourg (Koenigshoffen) Mithraeum,"Strasbourg, France",Located in Koenigshoffen district; notable for reliefs and dedications.,1.0,,,,,,,,,,,,,,,,,,,,,
200CE–300CE,Cologne Mithraeum,"Cologne, Germany",Important urban Mithraeum; features altars and dedications.,1.0,,,,,,,,,,,,,,,,,,,,,
200CE–300CE,Dieburg/Darmstadt Mithraeum,"Dieburg/Darmstadt, Germany",Mithraeum relics displayed in Freiburg museum.,1.0,,,,,,,,,,,,,,,,,,,,,
200CE–300CE,Frankfurt-Heddernheim Mithraeum,"Frankfurt, Germany",Notable for multiple Mithraic finds and altars.,1.0,,,,,,,,,,,,,,,,,,,,,
200CE–300CE,Freiburg (Riegel am Kaiserstuhl) Mithraeum,"Riegel, Germany",Relics displayed in Freiburg museum; typical Mithraic features.,1.0,,,,,,,,,,,,,,,,,,,,,
200CE–300CE,Gimmeldingen Mithraeum,"Gimmeldingen, Germany",Archaeological site; local significance.,1.0,,,,,,,,,,,,,,,,,,,,,
200CE–300CE,Güglingen Mithraeum,"Güglingen, Germany",Well-preserved; notable for local dedications.,1.0,,,,,,,,,,,,,,,,,,,,,
200CE–300CE,Hanau Mithraeum,"Hanau, Germany",Archaeological site; typical Mithraic layout.,1.0,,,,,,,,,,,,,,,,,,,,,
200CE–300CE,Heidelberg Mithraeum (Kurpfälzisches Museum),"Heidelberg, Germany",Mithraeum artifacts displayed in museum.,1.0,,,,,,,,,,,,,,,,,,,,,
200CE–300CE,Königsbrunn Mithraeum (near Augsburg),"Königsbrunn, Germany",Archaeological site; typical Mithraic features.,1.0,,,,,,,,,,,,,,,,,,,,,
200CE–300CE,Mainz Mithraeum (Mogontiacum),"Mainz, Germany",Consecration altars and dedications; major urban Mithraeum.,1.0,,,,,,,,,,,,,,,,,,,,,
200CE–300CE,Neuss Mithraeum (Castra Novaesia),"Neuss, Germany",Located at Roman legionary camp; typical Mithraic features.,1.0,,,,,,,,,,,,,,,,,,,,,
200CE–300CE,Osterburken Mithraeum,"Osterburken, Germany",Archaeological site; typical Mithraic layout.,1.0,,,,,,,,,,,,,,,,,,,,,
200CE–300CE,Saalburg Mithraeum,"Saalburg, Germany",Located at reconstructed Roman fort; open to public.,1.0,,,,,,,,,,,,,,,,,,,,,
200CE–300CE,Saarbrücken Mithraeum,"Saarbrücken, Germany",Archaeological site; typical Mithraic features.,1.0,,,,,,,,,,,,,,,,,,,,,
200CE–300CE,Schwarzerden Mithraeum,"Schwarzerden, Germany",Archaeological site; typical Mithraic features.,1.0,,,,,,,,,,,,,,,,,,,,,
200CE–300CE,Wiesloch Mithraeum,"Wiesloch, Germany",Archaeological site; typical Mithraic features.,1.0,,,,,,,,,,,,,,,,,,,,,
200CE–300CE,Aquincum Mithraeum (of Victorinus),"Budapest, Hungary",Remains open within Aquincum Archaeological Park; well-preserved.,1.0,,,,,,,,,,,,,,,,,,,,,
200CE–300CE,Savaria Mithraeum,"Szombathely, Hungary",Archaeological site; typical Mithraic features.,1.0,,,,,,,,,,,,,,,,,,,,,
200CE–300CE,Fertőrákos Mithraeum,"Fertőrákos, Hungary",Archaeological site; well-preserved.,1.0,,,,,,,,,,,,,,,,,,,,,
2nd–3rd c. CE,Mithraeum of Sabratha,"Sabratha, Libya",Notable for its well-preserved frescoes and inscriptions.,Mithraeum,Roman Empire,,,,,,,,,,,,,,,,,,,,
200CE–300CE,Jerusalem (Via Dolorosa) Mithraic find,"Jerusalem, Israel",Possible Mithraeum near Second Station; two vases with Mithraic iconography excavated.,1.0,,,,,,,,,,,,,,,,,,,,,
200CE–300CE,Mithraeum of the Circus Maximus,"Rome, Italy",Large urban Mithraeum; open by appointment.,1.0,,,,,,,,,,,,,,,,,,,,,
200CE–300CE,Barberini Mithraeum,"Rome, Italy",Well-preserved; open by appointment.,1.0,,,,,,,,,,,,,,,,,,,,,
200CE–300CE,Mithraeum of San Clemente,"Rome, Italy",Under the basilica of San Clemente; open to public.,1.0,,,,,,,,,,,,,,,,,,,,,
200CE–300CE,Mithraeum of the Baths of Caracalla,"Rome, Italy",Open by appointment; significant urban Mithraeum.,1.0,,,,,,,,,,,,,,,,,,,,,
200CE–300CE,Castra Peregrinorum Mithraeum (Santo Stefano Rotondo),"Rome, Italy",Under the church of Santo Stefano Rotondo; open by appointment.,1.0,,,,,,,,,,,,,,,,,,,,,
200CE–300CE,Mithraeum under Santa Prisca,"Rome, Italy",Under the basilica of Santa Prisca; famous frescoes of Mithraic initiates.,13.0,,,,,,,,,,,,,,,,,,,,,
200CE–300CE,Mithraeum of Santa Maria Capua Vetere,"Campania, Italy",Large and well-preserved; one of the most significant in southern Italy.,1.0,,,,,,,,,,,,,,,,,,,,,
200CE–300CE,Mithraeum of Naples,"Naples, Italy",Well-preserved; typical Mithraic features.,1.0,,,,,,,,,,,,,,,,,,,,,
200CE–300CE,Brukenthal Museum Mithraeum (reconstructed),"Sibiu, Romania",Reconstructed from finds at Apulum (Alba Iulia); features original artifacts.,1.0,,,,,,,,,,,,,,,,,,,,,
200CE–300CE,Ulpia Traiana Sarmizegetusa Mithraeum,"Sarmizegetusa, Romania",Archaeological site; typical Mithraic features.,1.0,,,,,,,,,,,,,,,,,,,,,
200CE–300CE,Fuente Álamo Mithraeum (Puente Genil),"Andalusia, Spain",Mithraeum at Roman villa; archaeological site.,1.0,,,,,,,,,,,,,,,,,,,,,
200CE–300CE,Emerita Augusta Mithraeum,"Mérida, Spain",Archaeological site; typical Mithraic features.,1.0,,,,,,,,,,,,,,,,,,,,,
200CE–300CE,Domus do Mitreo (Lugo),"Lugo, Spain",Mithraeum next to Roman walls of Lugo; open to public.,1.0,,,,,,,,,,,,,,,,,,,,,
200CE–300CE,Dura-Europos Mithraeum,"Dura-Europos, Syria",Transported and rebuilt at Yale University Art Gallery; original site featured painted tauroctony and benches.,1.0,,,,,,,,,,,,,,,,,,,,,
200CE–300CE,Hawarte Mithraeum,"Hawarte, Syria",Archaeological site; features mosaics and typical Mithraic iconography.,1.0,,,,,,,,,,,,,,,,,,,,,
200CE–300CE,Caernarfon Mithraeum,"Caernarfon, Wales, UK",Mithraeum in Wales; archaeological site.,1.0,,,,,,,,,,,,,,,,,,,,,
200CE–300CE,Carrawburgh Mithraeum (Hadrian’s Wall),"Northumberland, England",Well-preserved; features tauroctony relief; open to public.,1.0,,,,,,,,,,,,,,,,,,,,,
200CE–300CE,London Mithraeum (Walbrook),"London, England",Reconstructed and displayed in Bloomberg Space; major urban Mithraeum.,1.0,,,,,,,,,,,,,,,,,,,,,
200CE–300CE,Rudchester Mithraeum (Hadrian’s Wall),"Northumberland, England",Mithraeum along Hadrian’s Wall; archaeological site.,1.0,,,,,,,,,,,,,,,,,,,,,
,,,,,,,,,,,,,,,,,,,,,,,,,
"Zoroastrian, Scythian, Saka, and Other",,,,,,,,,,,,,,,,,,,,,,,,,
Date (Year BCE/CE),Name/Location,Region,Type/Notes,Dynasty/Ruler,Notes/Significance,,,,,,,,,,,,,,,,,,,,
800–600 BCE,Median Sacred Sites (general),NW Iran (Media),"Early fire cult sites, open-air altars",Median,"No monumental temples survive; evidence of fire veneration, possible open-air sanctuaries.",,,,,,,,,,,,,,,,,,,,
700 BCE–100 CE,Cholpon-Ata Petroglyphs,"Issyk-Kul, Kyrgyzstan","Open-air sanctuary, petroglyphs, altars","Saka, Usun","Saka priests performed solar and nature rites, site sacred for sun worship.",,,,,,,,,,,,,,,,,,,,
550 BCE–present,Adur Burzen-Mihr,"Kashmar, Iran",Fire Temple (Atash Behram),"Achaemenid, Sasanian","One of three great Zoroastrian fires, legendary founding by Vishtaspa, Zoroaster’s patron.",,,,,,,,,,,,,,,,,,,,
550 BCE–present,Adur Farnbag,"Larestan, Fars, Iran",Fire Temple (Atash Behram),Sasanian,One of the three great Zoroastrian sacred fires.,,,,,,,,,,,,,,,,,,,,
550 BCE–present,Adur Gushnasp,"West Azerbaijan, Iran",Fire Temple (Atash Behram),Sasanian,"Third of the three great fires, with archaeological remains.",,,,,,,,,,,,,,,,,,,,
500 BCE–100 CE,"Saka Kurgans (Issyk, Shilikty, etc.)","Kazakhstan, Tien Shan, Altai","Burial mounds, ritual enclosures, altars",Saka-Scythian,"Large royal burial mounds, ritual fire traces, sacrificial altars, cromlechs.",,,,,,,,,,,,,,,,,,,,
c. 500 BCE–700 CE,"Mountain Shrines, Altars (general)","Bactria, Sogdia, Steppe","Open-air fire altars, mountain sanctuaries","Achaemenid, Saka-Scythian","Herodotus notes use of mountain shrines and open-air altars for sacrifice, continued in Zoroastrian use6.",,,,,,,,,,,,,,,,,,,,
c. 300 BCE–300 CE,"Fire Altars (on coins, archaeological)","Bactria, Gandhara, Sogdia","Fire altars depicted on coins, shrines","Greco-Bactrian, Kushan",Fire altar motifs on coins indicate Zoroastrian worship and temple presence in Bactria and Gandhara5.,,,,,,,,,,,,,,,,,,,,
c. 200 BCE,"Jandial Temple, Taxila",Gandhara (Pakistan),Fire Temple (often misidentified as Greek),"Indo-Greek, local elites","Zoroastrian fire temple with Greco-Iranian architectural features; directly north of Sirkap, Taxila247.",,,,,,,,,,,,,,,,,,,,
c. 200 BCE–700 CE,Zoroastrian Temples (general),"Bactria, Sogdia, Ferghana","Temples, fire sanctuaries","Greco-Bactrian, Kushan",Archaeological traces and coinage suggest fire temples and Zoroastrian worship in these regions5.,,,,,,,,,,,,,,,,,,,,
c. 200 BCE,Zoroastrian Sanctuary at Sirkap,Gandhara (Pakistan),Sanctuary/Temple,"Indo-Greek, local elites","Archaeological evidence of Zoroastrian worship in Taxila, Gandhara7.",,,,,,,,,,,,,,,,,,,,
300–700 CE,Fire Temple of Amol,"Amol, Mazandaran, Iran",Fire Temple,Sasanian,"Sasanian-era Zoroastrian fire temple, now in ruins.",,,,,,,,,,,,,,,,,,,,
300–700 CE,Fire Temple of Isfahan,"Isfahan, Iran","Fire Temple, archaeological complex",Sasanian,"Sassanid-era temple on Maras hill, significant Zoroastrian remains.",,,,,,,,,,,,,,,,,,,,
300–700 CE,Fire Temple of Bardneshandeh,"Masjed Soleyman, Khuzestan",Fire Temple,Achaemenid,"One of the oldest fire temples, Achaemenid period.",,,,,,,,,,,,,,,,,,,,
300–700 CE,Fire Temple of Cham Namesht,"Darreh Shahr, Ilam, Iran",Fire Temple,"Parthian, Sasanian",Parthian and Sasanian period fire temple.,,,,,,,,,,,,,,,,,,,,
300–700 CE,Fire Temple of Aspakhu,"Bojnord, North Khorasan, Iran",Fire Temple,Sasanian,Well-preserved Sasanian fire temple.,,,,,,,,,,,,,,,,,,,,
300–700 CE,Fire Temple of Neyasar,"Neyasar, Kashan, Iran",Fire Temple (Chahartaq),Sasanian,Example of four-arched Zoroastrian temple architecture (chahartaq).,,,,,,,,,,,,,,,,,,,,
c. 300–700 CE,"Fire Temples (ruins, lost sites)","Northern Afghanistan, Bactria","Temples, sanctuaries","Kushan, Sassanian",Many fire temples not yet excavated or lost; some referenced in Chinese and Islamic sources35.,,,,,,,,,,,,,,,,,,,,
300–present CE,Yazd Atash Behram (Fire Temple),"Yazd, Iran",Fire Temple,Modern (fire ancient),"Fire burning for 1500 years, present temple built 1934, major Zoroastrian pilgrimage site.",,,,,,,,,,,,,,,,,,,,
300–present CE,Towers of Silence (Dakhma),"Yazd, Iran, and elsewhere",Raised circular burial towers,Zoroastrian,"Used for ritual exposure of the dead, key Zoroastrian funerary practice.",,,,,,,,,,,,,,,,,,,,
300–present CE,Pir-e Sabz and other Pirs,"Yazd region, Iran","Mountain shrines, pilgrimage sites",Zoroastrian,"Six holy mountain shrines, annual pilgrimage sites for Zoroastrians.",,,,,,,,,,,,,,,,,,,,
250–700 CE,Manichaean Temple Sites (general),"Ctesiphon, Babylon, Samarkand","Temples, sanctuaries, monasteries","Sasanian, Kushan",Most Manichaean structures lost; known from texts and some archaeological traces.,,,,,,,,,,,,,,,,,,,,
,,,,,,,,,,,,,,,,,,,,,,,,,
Jewish Sites with Solar Motifs,,,,,,,,,,,,,,,,,,,,,,,,,
Date (Year BCE/CE),Name/Location,Region,Solar Imagery Details,Notes/Significance,,,,,,,,,,,,,,,,,,,,,
350 CE,Hammath Tiberias,"Galilee, Israel","Central mosaic: personified sun god (Sol/Helios) in a chariot, surrounded by zodiac and seasons","Sol depicted as a Roman-style youth, adapted to Jewish monotheism and cosmic order.",,,,,,,,,,,,,,,,,,,,,
400 CE,Sepphoris (Zippori),"Galilee, Israel","Central mosaic: Helios in a chariot, zodiac wheel, Hebrew month names",Fusion of Jewish and Greco-Roman motifs; zodiac and Helios at the center.,,,,,,,,,,,,,,,,,,,,,
420 CE,Huqoq,"Galilee, Israel","Central mosaic: Helios in four-horse chariot, zodiac ring, four seasons",Unique biblical scenes; Helios and zodiac as focal point.,,,,,,,,,,,,,,,,,,,,,
520 CE,Beit Alpha,Near Beit She'an,"Central mosaic: Helios in chariot, zodiac circle, four seasons","Three-panel mosaic: Holy Ark, zodiac with Helios, and Isaac’s sacrifice.",,,,,,,,,,,,,,,,,,,,,
540 CE,Na'aran,Near Jericho,Mosaic: zodiac wheel with central solar figure (Helios),Typical zodiac/solar arrangement.,,,,,,,,,,,,,,,,,,,,,
550 CE,Huseifa,Lower Galilee,Mosaic: zodiac with Helios at center,One of the classic zodiac synagogues.,,,,,,,,,,,,,,,,,,,,,
560 CE,Yafi'a,Lower Galilee,"Mosaic: zodiac medallions, central solar figure (partially preserved)","Similar layout to Huqoq, Helios in central medallion.",,,,,,,,,,,,,,,,,,,,,
570 CE,Susiya,Southern Hebron,Mosaic: probable zodiac/solar panel (later replaced by non-figurative design),Early evidence of zodiac/solar imagery.,,,,,,,,,,,,,,,,,,,,,
580 CE,Meroth,Upper Galilee,"Mosaic: three slabs with zodiac signs, likely included solar figure",Partial remains; solar figure inferred.,,,,,,,,,,,,,,,,,,,,,
590 CE,Wadi Hamam (inferred),Near Huqoq,"Mosaic: likely zodiac and Helios, but central panel missing",Architectural plan and fragments suggest similar solar imagery.,,,,,,,,,,,,,,,,,,,,,
,,,,,,,,,,,,,,,,,,,,,,,,,
🏛️ Apollo Temples & Monuments,,,,,,,,,,,,,,,,,,,,,,,,,
Date,Name/Location,Religion/Deity,Region,Type,Dynasty/Ruler,Notes,,,,,,,,,,,,,,,,,,,
ca. 700 BCE,"Sanctuary of Apollo, Delphi",Greek (Apollo),"Delphi, Greece",Sanctuary/Temple,Various Greek states,Panhellenic sanctuary; major Oracle site.,,,,,,,,,,,,,,,,,,,
ca. 650 BCE,"Temple of Apollo, Dreros",Greek (Apollo),"Crete, Greece",Temple,Local rulers,Among earliest known Greek temples; stone and wood.,,,,,,,,,,,,,,,,,,,
ca. 600 BCE,"Temple of Apollo, Thermon",Greek (Apollo),"Thermon, Aetolia",Temple,Aetolian League,Early Doric temple; monumental size2.,,,,,,,,,,,,,,,,,,,
ca. 580 BCE,"Temple of Apollo, Corinth",Greek (Apollo),"Corinth, Greece",Temple,Corinthian city-state,"Early Doric temple, notable columns.",,,,,,,,,,,,,,,,,,,
ca. 560 BCE,"Temple of Apollo, Didyma",Greek (Apollo),"Didyma, Ionia (Turkey)",Temple,"Lydian, later Hellenistic",Major oracle; rebuilt in Hellenistic period.,,,,,,,,,,,,,,,,,,,
ca. 530 BCE,"Temple of Apollo, Delphi (reconstruction)",Greek (Apollo),"Delphi, Greece",Temple,Alcmaeonid family,Rebuilt after fire; famous pediments.,,,,,,,,,,,,,,,,,,,
ca. 500 BCE,"Temple of Apollo, Bassae",Greek (Apollo),"Bassae, Arcadia",Temple,Local rulers,Unique orientation; Ionic and Doric elements.,,,,,,,,,,,,,,,,,,,
ca. 294–282 BCE,Colossus of Rhodes,Greek (Helios),"Rhodes, Greece",Statue,Chares of Lindos,32m tall statue of Helios; one of the Seven Wonders; toppled by earthquake 225/226 BCE5.,,,,,,,,,,,,,,,,,,,
ca. 300 BCE,"Temple of Apollo, Claros",Greek (Apollo),"Claros, Ionia (Turkey)",Temple,Hellenistic,Major oracle center.,,,,,,,,,,,,,,,,,,,
ca. 3rd c. BCE,"Temple of Sol, Circus Maximus",Roman (Sol/Helios),"Rome, Italy",Temple,Roman Republic,Oldest Roman sun temple; remains date to at least 3rd c. BCE78.,,,,,,,,,,,,,,,,,,,
ca. 2nd c. BCE,Temple of Apollo Sosianus,Roman (Apollo),"Rome, Italy",Temple,Roman Republic,Rebuilt by Augustus; site of Greek art in Rome.,,,,,,,,,,,,,,,,,,,
ca. 1st c. BCE,Temple of Apollo Palatinus,Roman (Apollo),"Rome, Italy",Temple,Augustus,Built by Augustus on Palatine Hill.,,,,,,,,,,,,,,,,,,,
ca. 1st c. BCE,"Temple of Helios, Troy (Ilion)",Greek (Helios),"Troy (Ilion), Turkey",Temple (metope),Hellenistic,Metope with Helios in chariot; from Temple of Athena4.,,,,,,,,,,,,,,,,,,,
102 CE,"Portico of Sol, Trastevere",Roman (Sol),"Rome, Italy",Portico/Shrine,Roman Empire,Restored by Gaius Julius Anicetus; possibly early Sol cult11.,,,,,,,,,,,,,,,,,,,
ca. 218–222 CE,Elagabalium (Temple of Elagabal/Sol Invictus),Roman (Elagabal/Sol Invictus),"Rome, Italy",Temple,Heliogabalus,Syrian sun god Elagabal worshipped; later rededicated to Jupiter6.,,,,,,,,,,,,,,,,,,,
ca. 250 CE,"Sanctuary of Sol Augustus, Lower Danube",Roman (Sol Invictus),Lower Danube (Bulgaria),Sanctuary,Aurelian,Converted from Mithras sanctuary; active until Christianization10.,,,,,,,,,,,,,,,,,,,
274 CE,"Temple of the Sun (Sol Invictus), Campus Agrippae",Roman (Sol Invictus),"Rome, Italy",Temple,Aurelian,Dedicated on 25 Dec 274 CE; major cult center; funded by Palmyra spoils911.,,,,,,,,,,,,,,,,,,,
ca. 3rd–4th c. CE,Multiple Mithraea with Sol iconography,Roman (Sol Invictus/Mithras),Roman Empire,Mithraeum,Various emperors,Sol Invictus often depicted with Mithras; widespread in Roman military and urban centers10.,,,,,,,,,,,,,,,,,,,
,,,,,,,,,,,,,,,,,,,,,,,,,
"Manichaean Temples and Sites (All Regions, Including the Far East)",,,,,,,,,,,,,,,,,,,,,,,,,
Date (Year BCE/CE),Name/Location,Region/Country,Type/Notes,Dynasty/Ruler/Context,Notes/Significance,,,,,,,,,,,,,,,,,,,,
250–700 CE,"Ctesiphon, Babylon, Seleucia",Mesopotamia (Iraq),"Temples, monasteries, sanctuaries","Sasanian, Parthian, Early Islamic","Major Manichaean centers; seat of the Archegos (chief of the church); most structures lost, known from texts108.",,,,,,,,,,,,,,,,,,,,
250–700 CE,"Samarkand, Sogdiana",Uzbekistan/Tajikistan,"Temples, sanctuaries, monasteries","Sogdian, Kushan, Sasanian",Major eastern Manichaean center; Mar Ammo founded community; known from texts and some archaeological traces610.,,,,,,,,,,,,,,,,,,,,
300–900 CE,"Turpan (Gaochang), Bezeklik Caves","Xinjiang, China","Temples, cave sanctuaries, wall paintings","Tang, Uyghur",Rich Manichaean manuscript and art finds; wall paintings of Mani and disciples; major center in the east910.,,,,,,,,,,,,,,,,,,,,
400–1300 CE,Quanzhou (Cao'an Temple),"Fujian, China","Stone temple, relics, statue of Mani","Song, Yuan, Ming",Only intact Manichaean temple in the world; now UNESCO World Heritage; disguised as Buddhist site1235711.,,,,,,,,,,,,,,,,,,,,
600–1300 CE,Siming (Manichaean temple in Taoist disguise),"Zhejiang, China",Temple (later Taoist/Buddhist),"Sui, Tang, Song","Historical records of Manichaean temple, later absorbed into Taoism/Buddhism; northernmost known Manichaean site in China4.",,,,,,,,,,,,,,,,,,,,
700–1300 CE,Xuanzhen Temple,"Fujian, China","Temple, relics","Song, Yuan","Another surviving Manichaean temple, less intact than Cao'an; recognized by scholars as Manichaean2.",,,,,,,,,,,,,,,,,,,,
700–1300 CE,Zayton (Quanzhou),"Fujian, China","Manichaean community, temples","Song, Yuan",Quanzhou was a major port with a documented Manichaean presence and temples235.,,,,,,,,,,,,,,,,,,,,
800–1300 CE,"Chang’an, Luoyang, Yangzhou, Hangzhou",China (various),"Temples, monasteries, communities","Tang, Song","Historical records of Manichaean temples and communities, though no intact buildings survive10.",,,,,,,,,,,,,,,,,,,,
700–1300 CE,"Merv, Balkh, Bactria","Turkmenistan, Afghanistan","Temples, monasteries, sanctuaries","Sogdian, Kushan, Sasanian",Major Manichaean presence; Mar Ammo’s mission; archaeological traces and textual references10.,,,,,,,,,,,,,,,,,,,,
800–1300 CE,"Crimea, Caucasus, Volga Bulgaria",Eastern Europe,"Temples, communities","Khazar, Bulgar, local rulers","Manichaean communities and temples existed, especially among the Volga Bulgars and Khazars10.",,,,,,,,,,,,,,,,,,,,
900–1300 CE,"Ganzhou, Dunhuang, Yizhou, Sichuan",Western China,"Temples, cave sanctuaries, manuscripts","Tang, Song",Manuscript finds and references to Manichaean temples; many sites lost or absorbed into other traditions10.,,,,,,,,,,,,,,,,,,,,
,,,,,,,,,,,,,,,,,,,,,,,,,
Summary Table: Notable Manichaean Sites by Region,,,,,,,,,,,,,,,,,,,,,,,,,
Date Range (CE),Notable Sites/Temples,Region/Country,Notes/Significance,,,,,,,,,,,,,,,,,,,,,,
250–700,"Ctesiphon, Babylon, Seleucia",Mesopotamia (Iraq),"Early centers, seat of Archegos, all structures lost",,,,,,,,,,,,,,,,,,,,,,
250–1300,"Samarkand, Sogdiana, Bactria",Central Asia,"Major centers, Mar Ammo’s mission, temples, texts",,,,,,,,,,,,,,,,,,,,,,
300–900,"Bezeklik Caves, Gaochang","Turpan, Xinjiang","Cave temples, wall paintings, manuscripts",,,,,,,,,,,,,,,,,,,,,,
400–1300,"Cao’an, Xuanzhen, Quanzhou",China (Fujian),"Only intact temples, UNESCO-listed, relics/statues",,,,,,,,,,,,,,,,,,,,,,
600–1300,"Siming, Chang’an, Luoyang, etc.",China (other),"Historical records of temples, most lost",,,,,,,,,,,,,,,,,,,,,,
800–1300,"Crimea, Volga Bulgaria, Khazars",Caucasus/Volga,"Manichaean communities, some temples",,,,,,,,,,,,,,,,,,,,,,
,,,,,,,,,,,,,,,,,,,,,,,,,
Dionysian Sacred Sites: An Archaeological and Historical Chronology,,,,,,,,,,,,,,,,,,,,,,,,,
Date (BCE/CE),Site Name/Location,Region/Geographical Context,Typology,Political/Cultural Context,Archaeological Evidence,Ritual Significance,Architectural Features,Scholarly References,,,,,,,,,,,,,,,,,
c. 1600-1400 BCE,"Linear B Tablets (Pylos, Knossos)","Mycenaean Greece, Crete",Textual evidence,Mycenaean palatial administration,"Inscribed clay tablets referencing ""di-wo-nu-so""",Earliest textual attestation of the deity; possible association with wine rituals,N/A,Ventris & Chadwick (1973); Bernabé (2013),,,,,,,,,,,,,,,,,
c. 1400-1200 BCE,Sanctuary of Dionysus at Yria,"Naxos, Aegean Islands","Open-air sanctuary, later monumentalized",Mycenaean influence zone,"Pottery deposits, votive offerings, foundation remains",Rural fertility cult site; continuous occupation through Classical era,Initial open-air precinct; later architectural phases beginning c. 800 BCE,Lambrinoudakis (1991); Gruben (2000),,,,,,,,,,,,,,,,,
c. 1250-1150 BCE,Ayia Irini Shrine,"Keos, Cyclades",Votive deposit,Late Mycenaean,"Terracotta figurines, ritual vessels",Possible proto-Dionysian cult; evidence of ecstatic ritual,Small shrine structure,Caskey (1986); Goodison (2009),,,,,,,,,,,,,,,,,
c. 1100-900 BCE,Mount Nysa Cult Sites,"Thrace, Northern Greece",Mythological locations,"Post-Mycenaean, pre-poleis",Limited material evidence; referenced in later texts,Mythological birthplace of Dionysus; associated with early cult formation,"Primarily natural features (caves, springs, groves)",Otto (1965); Burkert (1985),,,,,,,,,,,,,,,,,
c. 900-800 BCE,Early Icarian Sanctuary,"Ikaria, Aegean Islands",Rural shrine,Emergent polis culture,"Ceramic deposits, ash layer",Mythic location where Icarius received viticulture from Dionysus,"Rustic altar, possible temenos",Jeanmaire (1951); Kerényi (1976),,,,,,,,,,,,,,,,,
c. 800-750 BCE,Sanctuary at Thermí,"Lesbos, Northeastern Aegean",Rural shrine,Archaic Greek colonial period,"Ritual vessels, wine-processing equipment",Associated with early viticultural practices,"Stone altar, possible boundary markers",Spencer (1995); Cole (2007),,,,,,,,,,,,,,,,,
c. 750-700 BCE,Early Naxian Cult Site,"Naxos, Cyclades",Pre-temple sanctuary,Archaic Greek,"Foundation deposits, votive offerings",Primary island cult center; association with fertility and viticulture,Predecessor to later monumental temple,Gruben (1997); Lambrinoudakis (2005),,,,,,,,,,,,,,,,,
c. 700-650 BCE,Dionsyian Precinct at Delphi,"Phocis, Central Greece",Sanctuary within larger complex,Amphictyonic League influence,"Votive deposits, inscriptions",Seasonal rituals associated with Dionysus and Apollo's alternating presence at Delphi,Evidence of early structure beneath later Dionysian sanctuary,Fontenrose (1988); Scott (2014),,,,,,,,,,,,,,,,,
c. 650-600 BCE,Early Athenian Dionysian Sanctuary,"Athens, Attica",Urban sanctuary,Athenian archonship,"Ceramic assemblages, foundation remains",Pre-theatrical cult site; possible early Dionysia venue,Predecessor to later theater complex,Pickard-Cambridge (1968); Csapo & Slater (1995),,,,,,,,,,,,,,,,,
c. 600-550 BCE,Temple of Dionysus,"Naxos, Cyclades",Monumental temple,Archaic tyrant Lygdamis,"Marble architectural elements, sculptural program",Major island cult center; political association with ruling dynasty,"Hexastyle peripteral temple, Ionic order",Gruben (1989); Lambrinoudakis (2002),,,,,,,,,,,,,,,,,
c. 550-525 BCE,Sanctuary of Dionysus Eleuthereus,"Athens, Attica","Urban sanctuary, early theater",Peisistratid tyranny,"Foundation structures, early theater remains",Established by Peisistratos; venue for City Dionysia,"Wooden ikria (early seating), orchestra, altar",Kolb (1977); Goette (2007),,,,,,,,,,,,,,,,,
c. 525-500 BCE,Sanctuary at Eretria,Euboea,Urban sanctuary,Archaic polis,"Architectural remains, inscriptions",Associated with regional Dionysian festival,"Small temple, auxiliary structures",Bérard (1978); Ducrey et al. (2004),,,,,,,,,,,,,,,,,
c. 500-480 BCE,Sanctuary of Dionysus,"Thebes, Boeotia",Urban sanctuary,Boeotian League influence,"Foundation remains, votive deposits",Major cult center; associated with Dionysian mythic birth,"Temple structure, auxiliary buildings",Schachter (1981); Harland (2013),,,,,,,,,,,,,,,,,
c. 480-450 BCE,Mount Pangaion Sanctuary,"Eastern Macedonia, Thrace",Mountain oracle site,Thracian tribal territories,Limited archaeological evidence; textual references,Famous oracle; consultation by historical figures,"Cave complex, possible structures",Lazaridis (1986); Archibald (1998),,,,,,,,,,,,,,,,,
c. 450-425 BCE,Theater of Dionysus (Reconstruction),"Athens, Attica",Theater complex,Athenian democracy (Periclean era),"Stone theater remains, inscriptions",Primary venue for dramatic festivals; religious and civic importance,"Stone theater, expanded orchestra, skene building",Pickard-Cambridge (1946); Csapo (2007),,,,,,,,,,,,,,,,,
c. 425-400 BCE,Kabeirion of Thebes,Boeotia,Mystery cult site,Boeotian League,"Votive deposits, architectural remains",Syncretic cult combining Dionysian and Kabeiric elements,"Temple complex, dining facilities",Schachter (1986); Daumas (1998),,,,,,,,,,,,,,,,,
c. 400-375 BCE,Sanctuary of Dionysus,"Elis, Peloponnese",Urban sanctuary,Elean polis,"Inscriptions, architectural elements",Associated with women's ritual festivals,"Temple, ritual spaces",Yalouris (1973); Morgan (1990),,,,,,,,,,,,,,,,,
c. 375-350 BCE,New Temple of Dionysus,"Athens, Attica",Urban temple,Late Classical Athens,"Marble architectural elements, inscriptions",Rebuilding of earlier temple; enhanced civic importance,Tetrastyle prostyle temple,Pickard-Cambridge (1968); Goette (1995),,,,,,,,,,,,,,,,,
c. 350-325 BCE,Dionysian Shrine,"Dion, Macedonia",Urban sanctuary,Macedonian monarchy,"Architectural remains, votive offerings",Royal patronage; association with Alexander's campaigns,"Temple complex, adjacent theater",Pandermalis (1997); Mari (2002),,,,,,,,,,,,,,,,,
c. 325-300 BCE,Sanctuary of Dionysus,"Thasos, Northern Aegean",Urban sanctuary,Macedonian influence,"Architectural remains, sculptural program",Island cult center; commercial associations,"Temple, auxiliary structures",Grandjean & Salviat (2000); Bonias (2012),,,,,,,,,,,,,,,,,
c. 300-275 BCE,Temple of Dionysos,"Teos, Ionia",Monumental temple,"Early Hellenistic, Antigonid influence","Architectural remains, inscriptions",Association with Artists of Dionysus guild,Hexastyle peripteral temple designed by Hermogenes,Uz (2013); Koparal (2019),,,,,,,,,,,,,,,,,
c. 275-250 BCE,Sanctuary of Dionysus,"Pergamon, Mysia",Theater complex,Attalid dynasty,"Architectural remains, sculptural program",Royal patronage; cultural legitimation,"Theater, temple complex, altar",Radt (1999); Schwarzer (2008),,,,,,,,,,,,,,,,,
c. 250-225 BCE,Sanctuary of Dionysus,"Kos, Dodecanese",Urban sanctuary,Ptolemaic influence sphere,"Inscriptions, architectural elements",Association with medical cult of Asklepios,"Temple, auxiliary structures",Sherwin-White (1978); Interdonato (2013),,,,,,,,,,,,,,,,,
c. 225-200 BCE,Dionysian Complex,"Delos, Cyclades",Urban sanctuary,Delian independence period,"Architectural remains, inscriptions, statuary",International cult center; mercantile associations,"Theater, temple, auxiliary structures",Bruneau & Ducat (2005); Tang (2005),,,,,,,,,,,,,,,,,
c. 200-150 BCE,House of Dionysus,"Pella, Macedonia",Private cult space,Late Macedonian kingdom,"Mosaic floors, ritual implements",Elite private worship; sympotic context,Andron with Dionysian iconography,Makaronas & Giouri (1989); Westgate (2007),,,,,,,,,,,,,,,,,
c. 150-100 BCE,Dionysian-Orphic Cult Site,"Olbia, Black Sea",Cult deposit,Greek colonial context,Bone tablets with Orphic-Dionysian inscriptions,Mystery cult evidence; afterlife associations,Limited architectural evidence,Rusjaeva (1978); Edmonds (2004),,,,,,,,,,,,,,,,,
c. 100-50 BCE,Pompey's Theater Complex,"Rome, Italy",Theater and temple complex,Late Roman Republic,"Architectural remains, textual references",First permanent stone theater in Rome; Dionysian/Bacchic associations,"Theater with temple of Venus Victrix, Dionysian elements",Sear (2006); Hanson (1959),,,,,,,,,,,,,,,,,
c. 50 BCE-1 CE,Villa of the Mysteries,"Pompeii, Italy",Private villa with ritual room,Late Republican/Early Imperial,Wall frescoes depicting initiatory sequence,Elite private mystery cult; female participation,Triclinium with elaborate fresco cycle,Maiuri (1931); Gazda (2000),,,,,,,,,,,,,,,,,
c. 1-50 CE,Sanctuary of Liber Pater,"Leptis Magna, North Africa",Urban sanctuary,Early Roman Imperial,"Architectural remains, inscriptions",Romanized Dionysian cult; colonial context,"Temple complex, processional way",Brouquier-Reddé (1992); Wilson (2012),,,,,,,,,,,,,,,,,
c. 50-100 CE,Temple of Bacchus,"Baalbek, Lebanon",Monumental temple,Roman Imperial (Flavian),Well-preserved architectural structure,Syncretic Dionysian-Oriental cult,"Colossal peripteral temple, elaborate sculptural program",Ragette (1980); Aliquot (2009),,,,,,,,,,,,,,,,,
c. 100-150 CE,Rebuilding of Teos Temple,"Teos, Ionia",Monumental reconstruction,Roman Imperial (Hadrianic),"Architectural remains, inscriptions",Continued prominence of Dionysian Artists guild,Reconstruction of earlier Hellenistic temple,Kadıoğlu (2020); Uz (2013),,,,,,,,,,,,,,,,,
c. 150-200 CE,Bacchic Cult Rooms,"Ostia, Italy",Private association spaces,Roman Imperial,"Architectural remains, wall paintings",Urban collegium meeting places; mercantile associations,"Decorated rooms, ritual installations",Meiggs (1973); Van Haeperen (2019),,,,,,,,,,,,,,,,,
c. 200-250 CE,Sanctuary of Liber Pater,"Sabratha, North Africa",Urban sanctuary,Severan Dynasty,"Architectural remains, votive offerings",African indigenous elements syncretized with Dionysian cult,"Temple complex, libation installations",Brouquier-Reddé (1992); Fenwick (2018),,,,,,,,,,,,,,,,,
c. 250-300 CE,Dionysian Ritual Spaces,Various Roman provincial cities,Private and semi-public,Crisis of the Third Century,"Inscriptions, artistic depictions",Increasing mystery aspects; salvation theology,Varied architectural contexts,Turcan (1996); Bowden (2010),,,,,,,,,,,,,,,,,
c. 300-350 CE,Late Dionysian Shrines,"Aphrodisias, Asia Minor",Urban context,Late Roman Imperial,"Sculptural program, architectural adaptation",Persistence amid Christianization; philosophical reinterpretation,Repurposed earlier structures,Smith (1996); Dillon (2016),,,,,,,,,,,,,,,,,
c. 350-400 CE,Final Phase of Athenian Sanctuary,"Athens, Attica",Urban sanctuary,Late Roman Imperial,Evidence of maintenance and activity,Philosophical neopagan associations; elite patronage,Continued use of theater for non-religious performances,Watts (2006); Brown (2012),,,,,,,,,,,,,,,,,
,,,,,,,,,,,,,,,,,,,,,,,,,
Comprehensive Timeline Table of Major and Minor Nestorian (Church of the East) Archaeological Sites,,,,,,,,,,,,,,,,,,,,,,,,,
Date (Year BCE/CE),Name/Location,Region/Country,Type/Notes,Dynasty/Ruler/Context,Notes/Significance,,,,,,,,,,,,,,,,,,,,
280 CE,Seleucia-Ctesiphon Cathedral,Mesopotamia (Iraq),"Cathedral, Patriarchal Seat",Sasanian Empire,Headquarters of the Church of the East; seat of the Catholicos-Patriarch.,,,,,,,,,,,,,,,,,,,,
410 CE,Synod of Seleucia-Ctesiphon,Mesopotamia (Iraq),"Council site, Cathedral",Sasanian Empire,Major synod formalizing the Church's structure and doctrine.,,,,,,,,,,,,,,,,,,,,
410–700 CE,Nisibis (School and Cathedral),"Nusaybin, Turkey","School, Cathedral, Monasteries",Sasanian Empire,Major theological center after School of Edessa closed; site of famous School of Nisibis.,,,,,,,,,,,,,,,,,,,,
410–700 CE,Gundeshapur Cathedral and Monasteries,"Khuzestan, Iran","Cathedral, Monasteries",Sasanian Empire,Major Nestorian religious and academic center.,,,,,,,,,,,,,,,,,,,,
500–1300 CE,Mar Awgin Monastery,"Tur Abdin, Turkey",Monastery,"Sasanian, Byzantine, Islamic","Famed monastic center, influential in spread of monasticism.",,,,,,,,,,,,,,,,,,,,
489–700 CE,School of Edessa (relocated to Nisibis),"Edessa (Şanlıurfa, Turkey)","School, Monastery","Byzantine, Sasanian",Original center for Nestorian learning before closure and move to Nisibis6.,,,,,,,,,,,,,,,,,,,,
600–1300 CE,Saint Thomas Christian Churches,"Kerala, India",Churches,Various,"Ancient churches of the Malabar Coast, linked to Persian Nestorian missions26.",,,,,,,,,,,,,,,,,,,,
600–900 CE,Anuradhapura Cross Site,"Anuradhapura, Sri Lanka","Church, Monument",Anuradhapura Kingdom,Archaeological evidence of Nestorian presence; 6th-century cross and manuscript references2.,,,,,,,,,,,,,,,,,,,,
635 CE,Daqin Jingjiao Church (Nestorian Church of the East),"Chang’an (Xi’an), China","Church, Monastery",Tang Dynasty,First Nestorian church in China; established by Alopen; commemorated by the Nestorian Stele34.,,,,,,,,,,,,,,,,,,,,
638–845 CE,Jingjiao Monasteries (multiple),"Chang’an, Luoyang, other Chinese cities","Monasteries, Churches",Tang Dynasty,Dozens of monasteries built under imperial patronage; many destroyed after 845 CE34.,,,,,,,,,,,,,,,,,,,,
781 CE,Nestorian Stele,"Chang’an (Xi’an), China",Monument/Stele,Tang Dynasty,Inscribed monument recording history of Nestorian Christianity in China3.,,,,,,,,,,,,,,,,,,,,
650–1300 CE,Nestorian Churches in Central Asia,"Samarkand, Merv, Kashgar, Turfan, Balkh","Churches, Monasteries","Sogdian, Turkic, Mongol",Dozens of churches and monasteries along Silk Road; many now in ruins or lost26.,,,,,,,,,,,,,,,,,,,,
700–1300 CE,Nestorian Temples in Mongolia,"Karakorum, Olon Süme, other sites","Churches, Monasteries",Mongol Empire (Yuan),Marco Polo and Chinese sources mention active Nestorian communities and churches6.,,,,,,,,,,,,,,,,,,,,
800–1300 CE,Nestorian Gravestones and Cemeteries,"East Kazakhstan, Semirechye, Kyrgyzstan","Cemeteries, gravestones with Syriac script","Turkic, Mongol",Archaeological finds of gravestones and plates; evidence of Sogdian and Turkic Nestorian communities56.,,,,,,,,,,,,,,,,,,,,
800–1300 CE,Nestorian Pillar and Church Ruins,"Luoyang, China","Pillar, Church ruins","Tang, Song, Yuan",Nestorian pillar with inscriptions; church ruins discovered in Luoyang6.,,,,,,,,,,,,,,,,,,,,
800–1300 CE,Anikova and Grigorovskoye Plates,Semirechye (Kazakhstan/Kyrgyzstan),"Liturgical plates, grave goods","Sogdian, Turkic","Silver plates with biblical scenes, found in Sogdian Nestorian communities6.",,,,,,,,,,,,,,,,,,,,
900–1300 CE,Church of the East in Arabian Gulf,"Failaka (Kuwait), Sir Bani Yas (UAE), Qatar","Churches, Monasteries","Sasanian, Islamic",Archaeological remains of churches and monasteries; some of the earliest Christian buildings in the Gulf8.,,,,,,,,,,,,,,,,,,,,
900–1300 CE,"Nestorian Sites in Armenia, Georgia, Caucasus","Armenia, Georgia, Caucasus","Churches, Monasteries",Local rulers,"Minor but documented Nestorian presence, especially among Persian and Turkic populations2.",,,,,,,,,,,,,,,,,,,,
900–1300 CE,"Nestorian Sites in Egypt, Yemen, Arabia","Fustat (Cairo), Socotra, Najran","Churches, Monasteries",Islamic Caliphates,"Evidence of Nestorian dioceses and churches in Egypt, Yemen, and Socotra2.",,,,,,,,,,,,,,,,,,,,
1200–1300 CE,Nestorian Churches in Crimea and Volga Bulgaria,"Crimea, Volga region","Churches, Monasteries","Mongol, Bulgar",Archaeological and textual evidence of Nestorian communities2.,,,,,,,,,,,,,,,,,,,,
,,,,,,,,,,,,,,,,,,,,,,,,,
🕉️ Shaivite Temples and Sites – Kashmir & Surrounding Regions,,,,,,,,,,,,,,,,,,,,,,,,,
Date (BCE/CE),Name/Location,Region/Country,Sect/Tradition,Type/Notes,Dynasty/Ruler/Context,Notes/Significance,,,,,,,,,,,,,,,,,,,
100 CE – 900 CE,Kashmir Smast Cave Complex,"Gandhara (Khyber Pakhtunkhwa, Pakistan)","Early Shaivite, Pashupata","Cave-temple, Maha-Guha (Great Cave)","Indo-Greek, Kushan, Hindu Shahi",Major Shaivite pilgrimage site; reused Buddhist cave network; significant trade route hub.,,,,,,,,,,,,,,,,,,,
500 CE – 1400 CE,Sharda Peeth,"Neelum Valley, Pakistan-administered Kashmir",Shaiva–Shakta (syncretic),"Temple, learning center","Hindu Shahi, local rulers","Former Buddhist center, later adopted by Shaivites and Shaktas; significant for script development.",,,,,,,,,,,,,,,,,,,
500 CE – 1400 CE,Katas Raj Temples,"Chakwal, Punjab, Pakistan",Shaiva (Panchayatana),"Temple complex, sacred pond","Hindu Shahi, later rulers","Major Shaiva pilgrimage site; cluster of temples, associated with Shiva legends.",,,,,,,,,,,,,,,,,,,
600 CE – 1000 CE,"Amb Temples, Salt Range","Punjab, Pakistan",Shaiva (various),"Hilltop temples, shrines",Hindu Shahi,"Fortified temples, unique architecture, major Shaiva center in the Salt Range.",,,,,,,,,,,,,,,,,,,
600 CE – 1000 CE,"Malot Temple, Salt Range","Punjab, Pakistan",Shaiva (various),"Stone temple, fortification",Hindu Shahi,Noted for its architecture and strategic location; Shaiva iconography.,,,,,,,,,,,,,,,,,,,
1200 CE – Present,Bhimashankar Temple,"Pune, Maharashtra, India",Northern Shaivism,Jyotirlinga temple,Various,One of the twelve Jyotirlingas; major pilgrimage site.,,,,,,,,,,,,,,,,,,,
700 CE – Present,Kedarnath Temple,"Kedarnath, Uttarakhand, India",Northern Shaivism,Jyotirlinga temple,Various,One of the twelve Jyotirlingas; major pilgrimage site.,,,,,,,,,,,,,,,,,,,
700 CE – 1200 CE,Jageshwar Temple Complex,"Almora, Uttarakhand, India",Northern Shaivism,Cluster of temples,Chand dynasty,Historic temple complex; believed to be the Nageshwar Jyotirlinga.,,,,,,,,,,,,,,,,,,,
700 CE – Present,Amarnath Cave Temple,"Anantnag, Jammu & Kashmir, India",Shaiva (Pan-Indian),"Cave temple, ice lingam",Various,Ancient pilgrimage site; legendary antiquity; referenced in medieval texts.,,,,,,,,,,,,,,,,,,,
700 CE – 1000 CE,Wangath Temple Complex,"Ganderbal, Jammu & Kashmir, India",Shaiva (various),Stone temple complex,"Karkota, Utpala dynasties",Dedicated to Shiva; cluster of temples; major pilgrimage and archaeological site.,,,,,,,,,,,,,,,,,,,
900 CE,Pandrethan Temple,"Srinagar, Jammu & Kashmir, India",Kashmiri Shaivism,Stone temple,Meru (minister to King Partha),Built in early 10th century; notable for its pyramidal roof and intricate carvings.,,,,,,,,,,,,,,,,,,,
850 CE – 900 CE,Avantipur Temple Ruins,"Avantipur, Jammu & Kashmir, India",Kashmiri Shaivism,Temple complex,Avantivarman (Utpala dynasty),"Ruins of two grand temples; one dedicated to Shiva (Avantisvara), another to Vishnu.",,,,,,,,,,,,,,,,,,,
750 CE – 850 CE,Martand Sun Temple,"Anantnag, Jammu & Kashmir, India",Syncretic (Shaiva-Surya),"Grand stone temple, now ruins",Lalitaditya (Karkota dynasty),"Though dedicated to Surya, features strong Shaivite iconography and was used by Shaiva sects.",,,,,,,,,,,,,,,,,,,
700 CE – 1400 CE,"Udhampur, Bhaderwah, Billawar, Basohli Temples","Jammu region, Jammu & Kashmir, India",Northern Shaivism,"Temples, shrines",Various,"Numerous Shaiva temples, some with unique Himalayan architectural features.",,,,,,,,,,,,,,,,,,,
,,,,,,,,,,,,,,,,,,,,,,,,,
Attis and Cybele archaeological sites,,,,,,,,,,,,,,,,,,,,,,,,,
Date (Year BCE/CE),Name/Location,Region/Country,Type/Notes,Dynasty/Ruler/Context,Notes/Significance,,,,,,,,,,,,,,,,,,,,
1200 BCE–400 CE,Mount Dindymon & Pessinus,Phrygia (Turkey),"Sacred mountain, main sanctuary, temple","Phrygian, Hellenistic, Roman","Oldest and principal cult center of Cybele (Matar), seat of her high priest; sacred black stone.",,,,,,,,,,,,,,,,,,,,
204 BCE,"Temple of Cybele (Magna Mater), Palatine","Rome, Italy","Major state temple, housed sacred black stone",Roman Republic,First and most important Roman temple to Cybele; built to house meteoric stone from Pessinus.,,,,,,,,,,,,,,,,,,,,
191 BCE,"Temple of Cybele (Magna Mater), Palatine","Rome, Italy","Temple, festival site","Roman Republic, Augustus",Site of Megalesia festival; rebuilt multiple times; destroyed 394 CE by Theodosius I.,,,,,,,,,,,,,,,,,,,,
150 BCE–400 CE,Hierapolis (Phrygian city of Cybele),Anatolia (Turkey),"Major sanctuary, temples, processional way","Hellenistic, Roman",Important regional center for Cybele worship; linked to Hades/Pluto cult.,,,,,,,,,,,,,,,,,,,,
100 BCE–400 CE,Magna Graecia (Venice Museum bas-relief),Southern Italy,"Bas-relief: Cybele in chariot, Attis","Greek, Roman",Marble relief showing Cybele and Attis; now in Venice Archaeological Museum.,,,,,,,,,,,,,,,,,,,,
79 CE,Herculaneum (Campania),"Herculaneum, Italy",Wooden throne with Attis relief,Roman Empire,Throne with Attis under sacred pine; evidence of cult at time of Vesuvius eruption.,,,,,,,,,,,,,,,,,,,,
100 CE–400 CE,Pompeii (Domus near House of Leda and the Swan),"Pompeii, Italy",13 terracotta figurines of Cybele/Attis,Roman Empire,Figurines tell the myth of Cybele and Attis; found in domestic context.,,,,,,,,,,,,,,,,,,,,
150 CE–400 CE,Campo della Magna Mater & Shrine of Attis,"Ostia Antica, Italy","Temple complex, sanctuary, statues, reliefs",Roman Empire,"Large precinct with temples to Cybele and Attis; many statues, reliefs, and altars.",,,,,,,,,,,,,,,,,,,,
200 CE–400 CE,"Sanctuary of Attis, Ostia Antica","Ostia Antica, Italy","Shrine, statues, altar, festival site",Roman Empire,Small temple to Attis at Campo della Magna Mater; site of major Attis-related finds.,,,,,,,,,,,,,,,,,,,,
200 CE–400 CE,Trier (Moselle River find),"Trier, Germany",Silvery brass statue of Attis,Roman Empire,Anatolian-style Attis statue ritually consigned to river; now in Rheinisches Landesmuseum.,,,,,,,,,,,,,,,,,,,,
200 CE–400 CE,Corbridge and Chesters Roman Forts,"Hadrian’s Wall, Britain","Altars to Cybele, figures of Attis",Roman Britain,Altars and figures found at both sites; evidence of Galli and Cybele/Attis cult in Britain.,,,,,,,,,,,,,,,,,,,,
300 CE,Parabiago Plate,"Milan, Italy","Silver plate with Cybele, Attis, myth scenes",Roman Empire,Ritual object showing Cybele and Attis; now in Milan Archaeological Museum.,,,,,,,,,,,,,,,,,,,,
,,,,,,,,,,,,,,,,,,,,,,,,,
"Saka, Surya, Agni, Indra, Mitra, and Varuna Sites",,,,,,,,,,,,,,,,,,,,,,,,,
Date (BCE/CE),Name/Location,Region/Country,Sect/Tradition,Type/Notes,Dynasty/Ruler/Context,Notes/Significance,,,,,,,,,,,,,,,,,,,
400 BCE – 100 BCE,Issyk Kurgan,Kazakhstan,Saka (Indo-Scythian),"Royal burial mound, grave goods",Saka,"Famous ""Golden Man"" burial; key Saka archaeological site.",,,,,,,,,,,,,,,,,,,
100 BCE – 100 CE,Tilla Tepe,Afghanistan,Saka (Indo-Scythian),"Elite burials, gold artifacts",Saka,Rich Saka-style burials; evidence of steppe connections.,,,,,,,,,,,,,,,,,,,
100 BCE – 100 CE,Chilas & Hunza Petroglyphs,"Gilgit-Baltistan, Pakistan",Saka (Indo-Scythian),Rock inscriptions and carvings,Saka,Inscriptions and petroglyphs attributed to Saka movement into South Asia.,,,,,,,,,,,,,,,,,,,
100 BCE – 100 CE,"Kankali Tila, Mathura","Uttar Pradesh, India",Saka (Indo-Scythian),"Inscriptions, temple remains",Northern Satraps (Saka),Saka inscriptions and temple remains; evidence of Saka rule in Mathura.,,,,,,,,,,,,,,,,,,,
700 CE – 750 CE,Martand Sun Temple,"Anantnag, Jammu & Kashmir, India",Surya (Sun),Grand stone temple,Lalitaditya (Karkota dynasty),Major Surya temple; syncretic Shaiva-Surya iconography.,,,,,,,,,,,,,,,,,,,
600 CE – 700 CE,Multan Sun Temple,"Multan, Punjab, Pakistan",Surya (Sun),Ancient temple (now destroyed),Local Hindu rulers,Referenced by early travelers; major Surya cult center in northwest India.,,,,,,,,,,,,,,,,,,,
1026 CE,Modhera Sun Temple,"Gujarat, India",Surya (Sun),"Temple, solar alignment",Bhima I (Chaulukya dynasty),Renowned for architecture and Surya worship; UNESCO tentative list.,,,,,,,,,,,,,,,,,,,
1250 CE,Konark Sun Temple,"Odisha, India",Surya (Sun),Chariot-shaped stone temple,Narasimhadeva I (Eastern Ganga),UNESCO World Heritage Site; pinnacle of Surya temple architecture.,,,,,,,,,,,,,,,,,,,
700 CE,Arasavalli Sun Temple,"Andhra Pradesh, India",Surya (Sun),"Temple, solar alignment",Eastern Ganga dynasty,One of the oldest surviving Surya temples; continuous worship.,,,,,,,,,,,,,,,,,,,
900 CE,Katarmal Sun Temple,"Uttarakhand, India",Surya (Sun),Hilltop stone temple,Katyuri kings,Noted for early medieval Surya worship in the Himalayas.,,,,,,,,,,,,,,,,,,,
200 CE – 900 CE,Kashmir Smast Cave Complex,"Gandhara (Khyber Pakhtunkhwa, Pakistan)","Early Shaivite, multi-deity","Cave-temple, Maha-Guha (Great Cave)","Kushan, Hephthalite, Hindu Shahi","Evidence of multi-deity worship, including Shaiva, Surya, Lajja Gauri, Vishnu, and others124.",,,,,,,,,,,,,,,,,,,
,,,,,,,,,,,,,,,,,,,,,,,,,
Note:,,,,,,,,,,,,,,,,,,,,,,,,,
"For Agni, Indra, Mitra, and Varuna: No major standalone archaeological sites or temples are known. Their worship is attested in Vedic texts, iconography, and inscriptions within multi-deity temples, but not as the primary focus of monumental architecture.",,,,,,,,,,,,,,,,,,,,,,,,,
"Kashmir Smast is included for its evidence of multi-deity worship, including Surya and other Vedic deities, in addition to its primary Shaivite significance124.",,,,,,,,,,,,,,,,,,,,,,,,,
,,,,,,,,,,,,,,,,,,,,,,,,,
Gandhara Temples,,,,,,,,,,,,,,,,,,,,,,,,,
Date,Site/Structure,Region,Culture(s)/Religion(s),Type,,Notes,,,,,,,,,,,,,,,,,,,
250 BCE,"Dharmarajika Stupa, Taxila",Gandhara,Buddhist,Stupa,,"Ashokan, major pilgrimage site",,,,,,,,,,,,,,,,,,,
100 BCE,Takht-i-Bahi,Gandhara,Buddhist,"Monastery, Stupa",,"Monumental, UNESCO World Heritage Site",,,,,,,,,,,,,,,,,,,
150 BCE,"Butkara Stupa, Swat",Gandhara,Buddhist,Stupa,,Hellenistic influence,,,,,,,,,,,,,,,,,,,
200 BCE,"Sirkap, Taxila",Gandhara,"Greek, Buddhist, Hindu, Jain","City, Temples",,"Urban planning, multi-religious",,,,,,,,,,,,,,,,,,,
100 BCE,Jamal Garhi,Gandhara,Buddhist,"Monastery, Stupa",,Rich sculpture,,,,,,,,,,,,,,,,,,,
150 BCE,"Amluk-Dara Stupa, Swat",Gandhara,Buddhist,Stupa,,"Large, visible for miles",,,,,,,,,,,,,,,,,,,
250 BCE,Shahbaz Garhi,Gandhara,"Buddhist, Mauryan","Edicts, Stupa",,Ashokan rock edicts,,,,,,,,,,,,,,,,,,,
500 CE,Harwan Monastery,Kashmir,Buddhist,Monastery,,Terracotta tiles,,,,,,,,,,,,,,,,,,,
700 CE,Parihaspora,Kashmir,"Buddhist, Hindu","City, Temples, Stupas",,Ancient capital,,,,,,,,,,,,,,,,,,,
750 CE,Martand Sun Temple,Kashmir,Hindu,Temple,,Monumental ruins,,,,,,,,,,,,,,,,,,,
280 BCE,Ai-Khanoum,Bactria,"Greek, Buddhist","City, Temples",,Hellenistic-Buddhist syncretism,,,,,,,,,,,,,,,,,,,
3rd c. CE,Bamiyan,Bactria,Buddhist,"Monastery, Statues",,"Colossal Buddhas, caves",,,,,,,,,,,,,,,,,,,
1st–3rd c. CE,"Termez (Fayaz Tepe, Kara Tepe)",Bactria,Buddhist,"Monasteries, Stupas",,Major Buddhist center,,,,,,,,,,,,,,,,,,,
3rd c. CE,Anzhina-Tepe,Bactria,Buddhist,Archaeological Site,,Kharosthi inscriptions,,,,,,,,,,,,,,,,,,,
200 BCE,Barikot,Gandhara,"Buddhist, Hindu","City, Temples, Stupas",,"Fortified, multi-phase",,,,,,,,,,,,,,,,,,,
