"This timeline demonstrates the evolution of Turkic-related terms and place names across different regions and time periods, reflecting the complex linguistic and cultural interactions throughout Eurasia.",,,,
Citations:,,,,
https://renaissance-translations.com/turkish-language-history/,,,,
http://www.bibleorigins.net/tarshishtarsus.html,,,,
https://scholarzest.com/index.php/ejhea/article/view/2979,,,,
"https://en.wikipedia.org/wiki/Tarsus,_Mersin",,,,
https://talkpal.ai/vocabulary/etymological-vocabulary-in-the-turkish-language/,,,,
https://www.worldhistory.org/Tarsus/,,,,
https://en.wikipedia.org/wiki/Turkic_history,,,,
https://www.perseus.tufts.edu/hopper/text?doc=Perseus%3Atext%3A1999.04.0064%3Aentry%3Dtarsus-geo,,,,
https://turacoon.com/en/blogs/the-origins-of-turkish-language,,,,
https://www.britannica.com/topic/Turkic-languages,,,,
,,,,
Answer from Perplexity: pplx.ai/share,,,,
,,,,
Answer from Perplexity: pplx.ai/share,,,,
