"This timeline now includes all subevents chronologically, offering a detailed academic resource for understanding the interconnected developments related to the Danavas, Turanians, and their broader mythological and historical contexts.",,,,
Citations:,,,,
https://en.wikipedia.org/wiki/Danava_(Hinduism),,,,
https://en.wikipedia.org/wiki/Vedic_period,,,,
https://www.academia.edu/98766587/An_Outline_of_Indian_Chronology,,,,
https://pressbooks.wmich.edu/seeingtheworldthroughreligionandculture/chapter/timeline-of-hinduism/,,,,
https://www.vedanet.com/vedic-origins-of-the-europeans-the-children-of-danu/,,,,
https://www.britannica.com/topic/Vedic-religion,,,,
https://www.northeasternchronicle.in/news/the-danava-dynasty-exploring/,,,,
http://veda.wikidot.com/hindu-timeline,,,,
,,,,
Answer from Perplexity: pplx.ai/share,,,,
