Table: Qur’anic Parallels to Major Religious and Mythic Themes,,,
"References:2 Finding and Following Jesus: The Muslim Claim to the Messiah5 Al-Masih: the Messiah - Answering Islam6 Resurrection after Death in the Verses of the Noble Quran7 The World of Angels (Malaikah) & Demon (Jinn) In Islam Religion8 All Quranic Verses about Jesus9 Resurrection in Islam: Belief, Impact on Life, Afterlife Focus10 Angels, Demons, and Jinn - YouTube",,,
Prophets and Significant Figures in the Quran,,,
Prophets (25 mentioned by name),,,
Other Significant Figures in the Quran,,,
"Conflicts, Wars, and Significant Events in the Quran",,,
Wars and Battles,,,
Divine Punishments and Destructions,,,
Trials and Deceptions,,,
Other Significant Events,,,
"Comparative Index of Islam, Christianity, and Judaism",,,
Timeline Differences,,,
Doctrinal Differences,,,
Genealogical Differences,,,
Cosmological Differences,,,
Legal/Theological System Differences,,,
Core Practices & Observances,,,
Views on Jesus,,,
Scriptures and Authority,,,
Key Theological Concepts,,,
Community and Leadership,,,
Additional Comparative Aspects,,,
